-- MySQL dump 10.13  Distrib 5.6.15, for linux-glibc2.5 (x86_64)
--
-- Host: localhost    Database: gephenom
-- ------------------------------------------------------
-- Server version	5.6.15-log

/*!40101 SET @OLD_CHARACTER_SET_CLIENT=@@CHARACTER_SET_CLIENT */;
/*!40101 SET @OLD_CHARACTER_SET_RESULTS=@@CHARACTER_SET_RESULTS */;
/*!40101 SET @OLD_COLLATION_CONNECTION=@@COLLATION_CONNECTION */;
/*!40101 SET NAMES utf8 */;
/*!40103 SET @OLD_TIME_ZONE=@@TIME_ZONE */;
/*!40103 SET TIME_ZONE='+00:00' */;
/*!40014 SET @OLD_UNIQUE_CHECKS=@@UNIQUE_CHECKS, UNIQUE_CHECKS=0 */;
/*!40014 SET @OLD_FOREIGN_KEY_CHECKS=@@FOREIGN_KEY_CHECKS, FOREIGN_KEY_CHECKS=0 */;
/*!40101 SET @OLD_SQL_MODE=@@SQL_MODE, SQL_MODE='NO_AUTO_VALUE_ON_ZERO' */;
/*!40111 SET @OLD_SQL_NOTES=@@SQL_NOTES, SQL_NOTES=0 */;

--
-- Table structure for table `buy_examination`
--

DROP TABLE IF EXISTS `buy_examination`;
/*!40101 SET @saved_cs_client     = @@character_set_client */;
/*!40101 SET character_set_client = utf8 */;
CREATE TABLE `buy_examination` (
  `id` int(10) unsigned NOT NULL AUTO_INCREMENT,
  `user_id` int(10) unsigned NOT NULL,
  `examination_id` int(10) unsigned NOT NULL,
  `buy_time` timestamp NOT NULL DEFAULT CURRENT_TIMESTAMP,
  `grade` int(2) unsigned NOT NULL DEFAULT '0',
  `criticism_date` timestamp NOT NULL DEFAULT CURRENT_TIMESTAMP,
  `criticism` varchar(100) NOT NULL DEFAULT '0',
  `times` int(4) unsigned NOT NULL DEFAULT '0',
  PRIMARY KEY (`id`)
) ENGINE=InnoDB AUTO_INCREMENT=5 DEFAULT CHARSET=utf8;
/*!40101 SET character_set_client = @saved_cs_client */;

--
-- Dumping data for table `buy_examination`
--

LOCK TABLES `buy_examination` WRITE;
/*!40000 ALTER TABLE `buy_examination` DISABLE KEYS */;
INSERT INTO `buy_examination` VALUES (1,185,10,'2016-03-20 04:49:24',0,'2016-03-20 04:49:24','0',5),(2,185,14,'2016-03-20 06:06:29',0,'2016-03-20 06:06:29','0',2),(3,185,11,'2016-03-20 07:54:48',0,'2016-03-20 07:54:48','0',6),(4,185,15,'2016-03-20 13:59:14',0,'2016-03-20 13:59:14','0',7);
/*!40000 ALTER TABLE `buy_examination` ENABLE KEYS */;
UNLOCK TABLES;

--
-- Table structure for table `buy_solution`
--

DROP TABLE IF EXISTS `buy_solution`;
/*!40101 SET @saved_cs_client     = @@character_set_client */;
/*!40101 SET character_set_client = utf8 */;
CREATE TABLE `buy_solution` (
  `id` int(10) unsigned NOT NULL AUTO_INCREMENT,
  `user_id` int(10) unsigned NOT NULL,
  `solution_id` int(10) unsigned NOT NULL,
  `buy_time` timestamp NOT NULL DEFAULT CURRENT_TIMESTAMP,
  `grade` int(2) unsigned NOT NULL DEFAULT '0',
  `criticism` varchar(100) CHARACTER SET utf8 COLLATE utf8_unicode_520_ci NOT NULL DEFAULT '0',
  `criticism_date` timestamp NOT NULL DEFAULT CURRENT_TIMESTAMP,
  `times` int(4) unsigned NOT NULL DEFAULT '0',
  PRIMARY KEY (`id`)
) ENGINE=InnoDB AUTO_INCREMENT=120 DEFAULT CHARSET=utf8;
/*!40101 SET character_set_client = @saved_cs_client */;

--
-- Dumping data for table `buy_solution`
--

LOCK TABLES `buy_solution` WRITE;
/*!40000 ALTER TABLE `buy_solution` DISABLE KEYS */;
INSERT INTO `buy_solution` VALUES (1,90,21,'2015-06-08 04:25:20',0,'0','2015-06-08 04:25:20',1),(2,93,12,'2015-06-08 09:34:38',0,'0','2015-06-08 09:34:38',1),(3,93,13,'2015-06-08 09:36:42',0,'0','2015-06-08 09:36:42',2),(4,98,24,'2015-06-08 13:37:17',0,'0','2015-06-08 13:37:17',1),(5,103,42,'2015-06-08 14:56:42',0,'0','2015-06-08 14:56:42',1),(6,107,12,'2015-06-08 23:56:16',0,'0','2015-06-08 23:56:16',1),(7,108,12,'2015-06-09 02:51:34',0,'0','2015-06-09 02:51:34',1),(8,109,18,'2015-06-09 03:28:28',1,'根本看不清','2015-06-09 03:31:31',1),(9,107,38,'2015-06-09 04:17:45',0,'0','2015-06-09 04:17:45',1),(10,107,34,'2015-06-09 04:21:33',0,'0','2015-06-09 04:21:33',1),(11,100,29,'2015-06-09 04:30:49',0,'0','2015-06-09 04:30:49',1),(12,110,23,'2015-06-09 07:54:23',0,'0','2015-06-09 07:54:23',1),(13,112,17,'2015-06-09 08:26:57',0,'0','2015-06-09 08:26:57',1),(14,113,26,'2015-06-09 15:11:05',0,'0','2015-06-09 15:11:05',4),(15,115,31,'2015-06-09 23:24:07',1,'资料都不全而且每道题目都不一样一看就是渣渣学生做的 建议便宜点卖 这样差还这样贵','2015-06-09 23:27:44',3),(16,96,12,'2015-06-11 03:14:05',0,'0','2015-06-11 03:14:05',3),(17,118,26,'2015-06-14 14:01:07',0,'0','2015-06-14 14:01:07',1),(18,121,23,'2015-06-15 03:32:46',0,'0','2015-06-15 03:32:46',1),(19,116,38,'2015-06-15 03:55:12',0,'0','2015-06-15 03:55:12',2),(20,122,14,'2015-06-15 04:43:45',0,'0','2015-06-15 04:43:45',2),(21,119,21,'2015-06-15 05:00:29',0,'0','2015-06-15 05:00:29',1),(22,123,32,'2015-06-15 05:01:24',0,'0','2015-06-15 05:01:24',3),(23,125,33,'2015-06-15 14:22:00',0,'0','2015-06-15 14:22:00',1),(24,126,19,'2015-06-16 05:20:40',0,'0','2015-06-16 05:20:40',1),(25,127,11,'2015-06-17 00:50:20',0,'0','2015-06-17 00:50:20',1),(26,122,38,'2015-06-17 02:45:46',0,'0','2015-06-17 02:45:46',3),(27,127,38,'2015-06-17 02:52:41',0,'0','2015-06-17 02:52:41',1),(28,129,34,'2015-06-17 10:57:10',0,'0','2015-06-17 10:57:10',1),(29,130,11,'2015-06-18 02:48:35',0,'0','2015-06-18 02:48:35',1),(30,131,19,'2015-06-18 03:14:33',0,'0','2015-06-18 03:14:33',3),(31,132,19,'2015-06-18 03:48:42',0,'0','2015-06-18 03:48:42',1),(32,133,20,'2015-06-18 07:32:24',0,'0','2015-06-18 07:32:24',1),(33,134,38,'2015-06-19 09:19:08',0,'0','2015-06-19 09:19:08',1),(34,135,30,'2015-06-20 06:42:54',0,'0','2015-06-20 06:42:54',1),(35,136,38,'2015-06-20 09:41:33',7,'还行吧','2015-06-20 09:47:52',3),(36,137,38,'2015-06-20 10:20:38',0,'0','2015-06-20 10:20:38',2),(37,140,19,'2015-06-22 04:21:36',0,'0','2015-06-22 04:21:36',1),(38,114,38,'2015-06-22 14:25:26',0,'0','2015-06-22 14:25:26',1),(39,142,33,'2015-06-22 14:40:42',0,'0','2015-06-22 14:40:42',1),(40,143,22,'2015-06-23 03:11:04',0,'0','2015-06-23 03:11:04',1),(41,144,11,'2015-06-23 09:35:13',0,'0','2015-06-23 09:35:13',1),(42,136,28,'2015-06-23 15:14:45',0,'0','2015-06-23 15:14:45',1),(43,145,30,'2015-06-25 14:21:41',0,'0','2015-06-25 14:21:41',1),(44,147,14,'2015-06-28 10:41:08',0,'0','2015-06-28 10:41:08',1),(45,148,16,'2015-06-28 13:01:07',0,'0','2015-06-28 13:01:07',1),(46,149,23,'2015-06-29 00:16:42',0,'0','2015-06-29 00:16:42',1),(47,150,17,'2015-06-30 06:32:51',0,'0','2015-06-30 06:32:51',1),(48,153,30,'2015-08-18 04:46:48',0,'0','2015-08-18 04:46:48',2),(49,153,22,'2015-08-18 05:14:06',0,'0','2015-08-18 05:14:06',1),(50,153,44,'2015-08-18 05:34:29',0,'0','2015-08-18 05:34:29',1),(51,154,14,'2015-08-18 08:56:26',0,'0','2015-08-18 08:56:26',1),(52,154,23,'2015-08-18 09:03:14',0,'0','2015-08-18 09:03:14',1),(53,154,20,'2015-08-18 09:08:08',0,'0','2015-08-18 09:08:08',1),(54,155,28,'2015-08-18 09:27:10',0,'0','2015-08-18 09:27:10',1),(55,157,29,'2015-08-18 10:09:03',0,'0','2015-08-18 10:09:03',1),(56,154,22,'2015-08-18 10:19:33',0,'0','2015-08-18 10:19:33',1),(57,154,21,'2015-08-18 10:21:22',0,'0','2015-08-18 10:21:22',1),(58,159,24,'2015-08-19 00:39:38',0,'0','2015-08-19 00:39:38',1),(59,160,21,'2015-08-19 00:48:45',0,'0','2015-08-19 00:48:45',1),(60,161,29,'2015-08-19 01:20:38',0,'0','2015-08-19 01:20:38',1),(61,161,21,'2015-08-19 01:45:07',0,'0','2015-08-19 01:45:07',1),(62,164,19,'2015-08-19 03:51:43',0,'0','2015-08-19 03:51:43',1),(63,165,16,'2015-08-19 05:44:20',0,'0','2015-08-19 05:44:20',2),(64,159,26,'2015-08-19 08:04:12',0,'0','2015-08-19 08:04:12',2),(65,159,38,'2015-08-19 09:34:20',0,'0','2015-08-19 09:34:20',1),(66,166,31,'2015-08-20 03:28:56',0,'0','2015-08-20 03:28:56',1),(67,167,13,'2015-08-20 05:39:37',0,'0','2015-08-20 05:39:37',3),(68,168,18,'2015-08-21 06:02:13',0,'0','2015-08-21 06:02:13',3),(69,169,14,'2015-08-22 01:20:17',0,'0','2015-08-22 01:20:17',1),(70,170,19,'2015-08-22 02:52:13',0,'0','2015-08-22 02:52:13',1),(71,170,28,'2015-08-22 02:59:38',0,'0','2015-08-22 02:59:38',1),(72,172,27,'2015-08-23 03:55:21',0,'0','2015-08-23 03:55:21',1),(73,174,34,'2015-08-24 02:44:51',0,'0','2015-08-24 02:44:51',1),(74,175,29,'2015-08-24 08:29:16',0,'0','2015-08-24 08:29:16',1),(75,154,19,'2015-08-29 02:39:01',0,'0','2015-08-29 02:39:01',1),(76,176,23,'2015-08-29 06:06:41',0,'0','2015-08-29 06:06:41',2),(77,177,33,'2015-09-01 05:39:46',0,'0','2015-09-01 05:39:46',1),(78,180,16,'2015-09-14 01:24:58',0,'0','2015-09-14 01:24:58',3),(79,183,28,'2015-09-16 16:34:31',10,'bucuo','2015-09-16 16:44:29',3),(80,183,32,'2015-09-17 03:57:15',0,'0','2015-09-17 03:57:15',1),(81,183,48,'2015-09-17 03:58:38',0,'0','2015-09-17 03:58:38',1),(82,183,11,'2015-09-17 04:02:42',0,'0','2015-09-17 04:02:42',1),(83,184,38,'2015-09-23 15:32:24',0,'0','2015-09-23 15:32:24',1),(84,185,37,'2016-03-20 06:57:46',0,'0','2016-03-20 06:57:46',3),(85,185,44,'2016-03-21 06:01:35',0,'0','2016-03-21 06:01:35',1),(86,186,32,'2016-06-13 05:48:08',0,'0','2016-06-13 05:48:08',1),(87,187,11,'2016-06-13 10:41:45',0,'0','2016-06-13 10:41:45',2),(88,187,38,'2016-06-13 11:12:47',0,'0','2016-06-13 11:12:47',1),(89,187,27,'2016-06-13 11:15:00',0,'0','2016-06-13 11:15:00',1),(90,187,42,'2016-06-13 11:19:13',0,'0','2016-06-13 11:19:13',1),(91,188,38,'2016-06-13 13:19:01',0,'0','2016-06-13 13:19:01',2),(92,189,30,'2016-06-13 13:22:38',0,'0','2016-06-13 13:22:38',1),(93,190,23,'2016-06-13 13:37:23',0,'0','2016-06-13 13:37:23',1),(94,194,24,'2016-06-14 02:31:07',0,'0','2016-06-14 02:31:07',3),(95,195,20,'2016-06-14 14:04:38',0,'0','2016-06-14 14:04:38',1),(96,196,14,'2016-06-15 00:37:04',0,'0','2016-06-15 00:37:04',1),(97,197,19,'2016-06-15 01:41:29',0,'0','2016-06-15 01:41:29',1),(98,197,32,'2016-06-15 02:10:36',0,'0','2016-06-15 02:10:36',1),(99,198,28,'2016-06-15 12:53:44',0,'0','2016-06-15 12:53:44',1),(100,195,15,'2016-06-16 03:37:37',0,'0','2016-06-16 03:37:37',1),(101,199,33,'2016-06-16 05:21:47',0,'0','2016-06-16 05:21:47',2),(102,200,44,'2016-06-16 09:50:47',0,'0','2016-06-16 09:50:47',1),(103,198,17,'2016-06-16 13:10:09',0,'0','2016-06-16 13:10:09',1),(104,115,21,'2016-06-16 14:51:11',0,'0','2016-06-16 14:51:11',1),(105,201,26,'2016-06-22 13:05:05',0,'0','2016-06-22 13:05:05',1),(106,202,24,'2016-06-30 02:39:51',0,'0','2016-06-30 02:39:51',1),(107,203,12,'2016-06-30 10:40:40',0,'0','2016-06-30 10:40:40',1),(108,204,12,'2016-06-30 13:43:16',0,'0','2016-06-30 13:43:16',1),(109,206,23,'2016-08-15 02:56:01',10,'真的','2016-08-15 03:00:02',3),(110,207,33,'2016-08-15 05:00:36',0,'0','2016-08-15 05:00:36',1),(111,208,21,'2016-08-15 08:31:48',0,'0','2016-08-15 08:31:48',3),(112,209,44,'2016-08-16 03:10:54',0,'0','2016-08-16 03:10:54',1),(113,209,45,'2016-08-16 03:29:12',0,'0','2016-08-16 03:29:12',1),(114,210,22,'2016-08-16 04:12:09',0,'0','2016-08-16 04:12:09',1),(115,211,16,'2016-08-16 13:11:33',0,'0','2016-08-16 13:11:33',2),(116,212,14,'2016-08-17 00:22:20',0,'0','2016-08-17 00:22:20',2),(117,216,21,'2016-08-31 09:02:12',0,'0','2016-08-31 09:02:12',4),(118,217,40,'2016-09-06 01:18:53',0,'0','2016-09-06 01:18:53',1),(119,219,18,'2016-09-23 06:08:34',0,'0','2016-09-23 06:08:34',1);
/*!40000 ALTER TABLE `buy_solution` ENABLE KEYS */;
UNLOCK TABLES;

--
-- Table structure for table `buy_tutorial`
--

DROP TABLE IF EXISTS `buy_tutorial`;
/*!40101 SET @saved_cs_client     = @@character_set_client */;
/*!40101 SET character_set_client = utf8 */;
CREATE TABLE `buy_tutorial` (
  `id` int(10) unsigned NOT NULL AUTO_INCREMENT,
  `user_id` int(10) unsigned NOT NULL,
  `tutorial_id` int(10) unsigned NOT NULL,
  `buy_time` timestamp NOT NULL DEFAULT CURRENT_TIMESTAMP,
  `grade` int(2) unsigned NOT NULL DEFAULT '0',
  `criticism` varchar(100) NOT NULL DEFAULT '0',
  `criticism_date` timestamp NOT NULL DEFAULT CURRENT_TIMESTAMP,
  `times` int(4) unsigned NOT NULL DEFAULT '0',
  PRIMARY KEY (`id`)
) ENGINE=InnoDB DEFAULT CHARSET=utf8;
/*!40101 SET character_set_client = @saved_cs_client */;

--
-- Dumping data for table `buy_tutorial`
--

LOCK TABLES `buy_tutorial` WRITE;
/*!40000 ALTER TABLE `buy_tutorial` DISABLE KEYS */;
/*!40000 ALTER TABLE `buy_tutorial` ENABLE KEYS */;
UNLOCK TABLES;

--
-- Table structure for table `examination`
--

DROP TABLE IF EXISTS `examination`;
/*!40101 SET @saved_cs_client     = @@character_set_client */;
/*!40101 SET character_set_client = utf8 */;
CREATE TABLE `examination` (
  `id` int(10) unsigned NOT NULL AUTO_INCREMENT,
  `user_id` int(10) unsigned NOT NULL,
  `category` int(11) NOT NULL DEFAULT '0',
  `heading` varchar(50) CHARACTER SET utf8 COLLATE utf8_unicode_520_ci NOT NULL,
  `video` varchar(70) CHARACTER SET utf8 NOT NULL,
  `youku_id` varchar(20) COLLATE utf8_unicode_ci NOT NULL DEFAULT '0',
  `title_picture` int(11) unsigned NOT NULL DEFAULT '11',
  `school` varchar(64) CHARACTER SET utf8 NOT NULL,
  `subject` varchar(64) CHARACTER SET utf8 NOT NULL,
  `price` decimal(5,2) NOT NULL,
  `attachment` varchar(65) CHARACTER SET utf8 NOT NULL,
  `summary` varchar(630) CHARACTER SET utf8 NOT NULL,
  `series_id` int(11) NOT NULL,
  `date` timestamp NOT NULL DEFAULT CURRENT_TIMESTAMP,
  `pass` int(11) NOT NULL DEFAULT '0',
  `upload_picture1` varchar(70) COLLATE utf8_unicode_ci NOT NULL DEFAULT '0',
  `upload_picture2` varchar(70) COLLATE utf8_unicode_ci NOT NULL DEFAULT '0',
  `upload_picture3` varchar(70) COLLATE utf8_unicode_ci NOT NULL DEFAULT '0',
  `upload_picture4` varchar(70) COLLATE utf8_unicode_ci NOT NULL DEFAULT '0',
  `upload_picture5` varchar(70) COLLATE utf8_unicode_ci NOT NULL DEFAULT '0',
  PRIMARY KEY (`id`)
) ENGINE=InnoDB AUTO_INCREMENT=16 DEFAULT CHARSET=utf8 COLLATE=utf8_unicode_ci;
/*!40101 SET character_set_client = @saved_cs_client */;

--
-- Dumping data for table `examination`
--

LOCK TABLES `examination` WRITE;
/*!40000 ALTER TABLE `examination` DISABLE KEYS */;
INSERT INTO `examination` VALUES (9,1,5,'机械设计课程设计——第一集：方法介绍及CATIA模型下载','{D2E9DBD3-7A96-D9D6-AD94-F89EAC50E87A}2014-06-29-01-33-20.mp4','XNzMzMTg3NjMy',12,'吉林大学','机械工程及自动化',0.00,'{2B699C47-B480-3BB3-97C5-C5B52EF9943D}2014-06-29-01-33-20.rar','吉林大学机械设计课程设计的快速高质量完成方法，附完整的CATIA参数化模型。',3,'2014-06-28 17:44:37',1,'机械设计课程设计——第一集：方法介绍及CATIA模型下载1.jpg','机械设计课程设计——第一集：方法介绍及CATIA模型下载2.jpg','','',''),(10,1,5,'机械设计课程设计 第二集：模型的参数调节 装配 工程图（上）','{88E4AF1F-F494-B6C3-13E0-C501D4FB27D6}2014-06-29-19-11-41.swf','0',12,'吉林大学','机械工程及自动化',5.00,'','介绍如何配置模型参数，如何装配，如何生成工程图，最后导入CAD。目的是打印出属于自己尺寸的CAD装配图，来作为参考快速完成草图绘制。',3,'2014-06-29 11:36:20',1,'机械设计课程设计 第二集：模型的参数调节 装配 工程图（上）1.jpg','机械设计课程设计 第二集：模型的参数调节 装配 工程图（上）2.jpg','','',''),(11,1,5,'机械设计课程设计 第二集：模型的参数调节、装配、工程图（下）','{88C25C6F-4E6D-29C0-D558-B58C315CFE5F}2014-06-29-19-36-30.swf','0',12,'吉林大学','机械工程及自动化',5.00,'','介绍如何配置模型参数，如何装配，如何生成工程图并导出为CAD。目的是打印出自己尺寸的CAD装配图来作为参考，快速完成草图的绘制。',3,'2014-06-29 11:39:36',1,'机械设计课程设计 第二集：模型的参数调节、装配、工程图（下）1.jpg','机械设计课程设计 第二集：模型的参数调节、装配、工程图（下）2.jpg','','',''),(12,17,1,'高等数学极限处理方法（1）','{D71279B9-B881-7C28-1E2B-409E5EB677E4}2014-07-10-13-07-20.MP4','XNzM4ODM3NDQ4',1,'吉林大学','车辆工程',0.00,'','本视频介绍了高等数学中数列和函数极限的基本处理方法和技巧。',4,'2014-07-10 05:14:35',1,'','','','',''),(13,1,5,'机械设计课程设计-减速器成品展示','{98B462E1-158B-F2EE-BCF0-C32A219EDAF0}2014-08-07-12-50-28.MP4','XNzUyNTA5ODY4',12,'吉林大学','机械工程及自动化',0.00,'','机械设计课程设计，圆柱二级减速器catia成品仿真展示视频。题号1-11.',3,'2014-06-28 05:05:02',1,'机械设计课程设计-减速器成品展示1.jpg','机械设计课程设计-减速器成品展示2.jpg','','',''),(14,1,5,'机械设计课程设计-第三集：快速完成CAD的方法','{1A6F06FA-B32F-660E-8978-0D7958CF9E00}2014-08-10-21-43-22.swf','0',12,'吉林大学','机械工程及自动化',2.50,'{E9BE36AA-A1B9-632A-4EEC-9D610E774686}2014-08-10-21-43-22.rar','提供了一套CAD模板，并介绍了模板的使用方法及注意事项。',3,'2014-08-10 13:47:28',1,'机械设计课程设计-第三集：快速完成CAD的方法1.jpg','机械设计课程设计-第三集：快速完成CAD的方法2.jpg','','',''),(15,1,5,'机械设计课程设计-第四集：CATIA模型的完善、动态仿真及渲染','{C491FA73-6F3F-0ADF-0149-73CAD0019384}2014-08-11-21-45-33.swf','0',12,'吉林大学','机械工程及自动化',5.00,'','1.将圆柱齿轮添加斜齿轮齿形。\r\n2.介绍如何制作动态仿真。\r\n3.介绍如何应用材料及图片渲染。',3,'2014-08-11 13:53:31',1,'机械设计课程设计-第四集：CATIA模型的完善、动态仿真及渲染1.jpg','机械设计课程设计-第四集：CATIA模型的完善、动态仿真及渲染2.jpg','','','');
/*!40000 ALTER TABLE `examination` ENABLE KEYS */;
UNLOCK TABLES;

--
-- Table structure for table `examination_category0`
--

DROP TABLE IF EXISTS `examination_category0`;
/*!40101 SET @saved_cs_client     = @@character_set_client */;
/*!40101 SET character_set_client = utf8 */;
CREATE TABLE `examination_category0` (
  `id` int(11) unsigned NOT NULL AUTO_INCREMENT,
  `class0` varchar(15) COLLATE utf32_unicode_520_ci NOT NULL,
  PRIMARY KEY (`id`)
) ENGINE=InnoDB AUTO_INCREMENT=3 DEFAULT CHARSET=utf32 COLLATE=utf32_unicode_520_ci;
/*!40101 SET character_set_client = @saved_cs_client */;

--
-- Dumping data for table `examination_category0`
--

LOCK TABLES `examination_category0` WRITE;
/*!40000 ALTER TABLE `examination_category0` DISABLE KEYS */;
INSERT INTO `examination_category0` VALUES (1,'公共基础课'),(2,'机械专业课');
/*!40000 ALTER TABLE `examination_category0` ENABLE KEYS */;
UNLOCK TABLES;

--
-- Table structure for table `examination_category1`
--

DROP TABLE IF EXISTS `examination_category1`;
/*!40101 SET @saved_cs_client     = @@character_set_client */;
/*!40101 SET character_set_client = utf8 */;
CREATE TABLE `examination_category1` (
  `id` int(10) unsigned NOT NULL AUTO_INCREMENT,
  `class0_id` int(11) NOT NULL,
  `class1` varchar(30) CHARACTER SET utf8 COLLATE utf8_unicode_520_ci NOT NULL,
  PRIMARY KEY (`id`)
) ENGINE=InnoDB AUTO_INCREMENT=6 DEFAULT CHARSET=latin1;
/*!40101 SET character_set_client = @saved_cs_client */;

--
-- Dumping data for table `examination_category1`
--

LOCK TABLES `examination_category1` WRITE;
/*!40000 ALTER TABLE `examination_category1` DISABLE KEYS */;
INSERT INTO `examination_category1` VALUES (1,1,'高等数学'),(5,2,'机械设计课程设计');
/*!40000 ALTER TABLE `examination_category1` ENABLE KEYS */;
UNLOCK TABLES;

--
-- Table structure for table `examination_series`
--

DROP TABLE IF EXISTS `examination_series`;
/*!40101 SET @saved_cs_client     = @@character_set_client */;
/*!40101 SET character_set_client = utf8 */;
CREATE TABLE `examination_series` (
  `id` int(10) unsigned NOT NULL AUTO_INCREMENT,
  `series_name` varchar(30) CHARACTER SET utf8 COLLATE utf8_unicode_520_ci NOT NULL,
  `user_id` int(11) NOT NULL,
  `title_picture` int(11) NOT NULL,
  `date` timestamp NOT NULL DEFAULT CURRENT_TIMESTAMP,
  PRIMARY KEY (`id`)
) ENGINE=InnoDB AUTO_INCREMENT=5 DEFAULT CHARSET=latin1;
/*!40101 SET character_set_client = @saved_cs_client */;

--
-- Dumping data for table `examination_series`
--

LOCK TABLES `examination_series` WRITE;
/*!40000 ALTER TABLE `examination_series` DISABLE KEYS */;
INSERT INTO `examination_series` VALUES (3,'机械设计课程设计神器',1,12,'2014-06-28 17:36:04'),(4,'高等数学极限处理方法',17,1,'2014-07-10 04:11:02');
/*!40000 ALTER TABLE `examination_series` ENABLE KEYS */;
UNLOCK TABLES;

--
-- Table structure for table `fahuo`
--

DROP TABLE IF EXISTS `fahuo`;
/*!40101 SET @saved_cs_client     = @@character_set_client */;
/*!40101 SET character_set_client = utf8 */;
CREATE TABLE `fahuo` (
  `id` int(10) unsigned NOT NULL AUTO_INCREMENT,
  `trade_number` varchar(70) COLLATE utf8_unicode_520_ci NOT NULL,
  `trade_time` timestamp NOT NULL DEFAULT CURRENT_TIMESTAMP,
  `pass` smallint(6) NOT NULL DEFAULT '0',
  PRIMARY KEY (`id`)
) ENGINE=InnoDB AUTO_INCREMENT=119 DEFAULT CHARSET=utf8 COLLATE=utf8_unicode_520_ci;
/*!40101 SET character_set_client = @saved_cs_client */;

--
-- Dumping data for table `fahuo`
--

LOCK TABLES `fahuo` WRITE;
/*!40000 ALTER TABLE `fahuo` DISABLE KEYS */;
INSERT INTO `fahuo` VALUES (1,'2015060800001000630070201388','2015-06-08 02:21:50',1),(2,'2015060800001000790057250546','2015-06-08 04:22:39',1),(3,'2015060800001000040055637483','2015-06-08 09:33:25',1),(4,'2015060800001000990057153072','2015-06-08 13:35:35',1),(5,'2015060800001000770054085477','2015-06-08 14:56:07',1),(6,'2015060900001000350054841583','2015-06-08 23:54:21',1),(7,'2015060900001000790057344807','2015-06-09 02:49:29',1),(8,'2015060900001000780057444620','2015-06-09 03:27:57',1),(9,'2015060900001000350054864179','2015-06-09 04:17:32',1),(10,'2015060900001000570068332494','2015-06-09 07:53:30',1),(11,'2015060900001000270073006334','2015-06-09 08:25:13',1),(12,'2015060800001000040055637483','2015-06-09 09:33:31',1),(13,'2015060800001000990057153072','2015-06-09 13:36:34',1),(14,'2015060800001000770054085477','2015-06-09 14:56:34',1),(15,'2015060900001000140053725605','2015-06-09 15:10:50',1),(16,'2015061000001000250053233208','2015-06-09 23:23:49',1),(17,'2015060900001000350054841583','2015-06-09 23:54:33',1),(18,'2015060900001000790057344807','2015-06-10 02:49:37',1),(19,'2015061100001000190055317059','2015-06-11 03:09:35',1),(20,'2015061400001000860052411731','2015-06-14 13:48:47',1),(21,'2015061400001000860052412774','2015-06-14 14:00:14',1),(22,'2015061500001000250053716668','2015-06-15 03:30:05',1),(23,'2015061500001000160054766493','2015-06-15 03:54:34',1),(24,'2015061500001000680054237908','2015-06-15 04:43:19',1),(25,'2015061500001000770054729429','2015-06-15 04:59:42',1),(26,'2015061500001000580056002459','2015-06-15 05:00:29',1),(27,'2015061500001000950054972797','2015-06-15 14:19:39',1),(28,'2015061600001000570069151869','2015-06-16 05:20:17',1),(29,'2015061700001000160054938918','2015-06-17 00:41:10',1),(30,'2015061700001000610054400729','2015-06-17 02:45:25',1),(31,'2015061700001000160054950038','2015-06-17 02:51:58',1),(32,'2015061800001000060055816086','2015-06-18 02:45:48',1),(33,'2015061800001000750065072941','2015-06-18 03:47:49',1),(34,'2015061800001000210057516210','2015-06-18 07:26:19',1),(35,'2015061900001000340056759298','2015-06-19 09:18:51',1),(36,'2015062000001000230058430436','2015-06-20 06:41:46',1),(37,'2015062000001000730058191732','2015-06-20 09:41:10',1),(38,'2015062000001000380065470244','2015-06-20 10:16:41',1),(39,'2015062200001000270074611287','2015-06-22 04:21:02',1),(40,'2015062200001000420060875242','2015-06-22 14:24:36',1),(41,'2015062200001000430056993514','2015-06-22 14:39:56',1),(42,'2015062300001000580056827996','2015-06-23 03:10:14',1),(43,'2015062300001000430057063229','2015-06-23 09:35:00',1),(44,'2015062300001000730058479460','2015-06-23 15:14:15',1),(45,'2015062500001000530074952919','2015-06-25 14:21:27',1),(46,'2015062800001000050059330693','2015-06-28 10:39:54',1),(47,'2015062800001000880055032944','2015-06-28 13:00:25',1),(48,'2015062900001000540059004035','2015-06-29 00:15:27',1),(49,'2015063000001000090055373936','2015-06-30 06:32:12',1),(50,'2015081800001000670059459797','2015-08-18 04:45:57',1),(51,'2015081800001000670059461521','2015-08-18 05:13:40',1),(52,'2015081800001000670059462768','2015-08-18 05:33:37',1),(53,'2015081800001000680059511035','2015-08-18 08:55:09',1),(54,'2015081800001000880058980439','2015-08-18 09:24:40',1),(55,'2015081800001000740075937022','2015-08-18 10:08:30',1),(56,'2015081800001000390013390984','2015-08-18 10:18:28',1),(57,'2015081900001000130059354974','2015-08-19 00:38:17',1),(58,'2015081900001000790063810850','2015-08-19 00:47:51',1),(59,'2015081900001000190061335474','2015-08-19 01:19:59',1),(60,'2015081900001000050063351818','2015-08-19 03:50:14',1),(61,'2015081900001000440068009911','2015-08-19 05:44:02',1),(62,'2015081900001000790063843968','2015-08-19 07:49:14',1),(63,'2015081900001000130059391461','2015-08-19 09:33:37',1),(64,'2015082000001000830003662517','2015-08-20 03:26:08',1),(65,'2015082000001000240059438759','2015-08-20 05:37:43',1),(66,'2015082100001000060061188594','2015-08-21 06:01:39',1),(67,'2015082200001000510062793709','2015-08-22 01:17:30',1),(68,'2015082200001000700062157933','2015-08-22 02:51:48',1),(69,'2015082200001000700062158424','2015-08-22 02:59:08',1),(70,'2015082300001000700062222323','2015-08-23 03:54:21',1),(71,'2015082400001000170060821491','2015-08-24 02:43:36',1),(72,'2015082400001000100077019915','2015-08-24 08:28:53',1),(73,'2015082900001000680060240116','2015-08-29 02:37:55',1),(74,'2015082900001000880059665349','2015-08-29 06:05:48',1),(75,'2015090100001000260061005952','2015-09-01 04:56:28',1),(76,'2015091400001000790065468534','2015-09-14 01:24:45',1),(77,'2015091700001000300060771567','2015-09-16 16:29:57',1),(78,'2015091700001000300060782292','2015-09-17 03:56:21',1),(79,'2015091700001000300060782609','2015-09-17 04:02:32',1),(80,'2015092300001000220062464673','2015-09-23 15:31:29',1),(81,'2016032000001000960090081360','2016-03-20 04:49:09',1),(82,'2016032000001000960090083114','2016-03-20 06:06:11',1),(83,'2016032000001000960090093215','2016-03-20 13:58:55',1),(84,'2016032100001000960090106379','2016-03-21 06:01:18',1),(85,'2016061300001000100090565197','2016-06-13 05:46:36',1),(86,'2016061300001000790090324580','2016-06-13 10:40:56',1),(87,'2016061300001000290090602952','2016-06-13 11:11:58',1),(88,'2016061300001000290090602969','2016-06-13 11:18:52',1),(89,'2016061300001000570090474250','2016-06-13 13:18:48',1),(90,'2016061300001000290090603300','2016-06-13 13:22:02',1),(91,'2016061300001000920090960997','2016-06-13 13:32:25',1),(92,'2016061400001000610090120781','2016-06-14 02:29:47',1),(93,'2016061400001000810090690379','2016-06-14 14:04:17',1),(94,'2016061500001000580090918596','2016-06-15 00:36:05',1),(95,'2016061500001000750090602541','2016-06-15 01:38:59',1),(96,'2016061500001000750090602524','2016-06-15 02:09:28',1),(97,'2016061500001000810090694636','2016-06-15 12:04:45',1),(98,'2016061500001000600090587960','2016-06-15 12:53:25',1),(99,'2016061600001000470090086013','2016-06-16 05:18:53',1),(100,'2016061600001000000091156460','2016-06-16 09:50:21',1),(101,'2016061600001000370090225123','2016-06-16 13:09:45',1),(102,'2016061600001000250090372256','2016-06-16 14:50:53',1),(103,'2016061700001000650090258947','2016-06-17 02:01:49',1),(104,'2016062200001000340090658689','2016-06-22 13:04:00',1),(105,'2016063000001000970091186502','2016-06-30 02:39:29',1),(106,'2016063000001000000091274205','2016-06-30 10:40:06',1),(107,'2016063000001000170091097688','2016-06-30 13:42:27',1),(108,'2016081500001000750078019178','2016-08-15 02:55:21',1),(109,'2016081500001000310066273693','2016-08-15 05:00:06',1),(110,'2016081500001000900077136059','2016-08-15 08:30:55',1),(111,'2016081600001000590064852043','2016-08-16 03:10:33',1),(112,'2016081600001000300065101193','2016-08-16 03:28:29',1),(113,'2016081600001000050069325496','2016-08-16 04:10:41',1),(114,'2016081600001000600066587006','2016-08-16 13:11:17',1),(115,'2016081700001000930013387751','2016-08-17 00:21:42',1),(116,'2016083100001000010065781709','2016-08-31 09:00:40',1),(117,'2016090600001000410031536996','2016-09-06 01:18:47',1),(118,'2016092300001000700068693942','2016-09-23 06:07:34',1);
/*!40000 ALTER TABLE `fahuo` ENABLE KEYS */;
UNLOCK TABLES;

--
-- Table structure for table `manager`
--

DROP TABLE IF EXISTS `manager`;
/*!40101 SET @saved_cs_client     = @@character_set_client */;
/*!40101 SET character_set_client = utf8 */;
CREATE TABLE `manager` (
  `id` int(10) unsigned NOT NULL AUTO_INCREMENT,
  `name` varchar(15) COLLATE utf8_unicode_520_ci NOT NULL,
  `password` varchar(40) CHARACTER SET utf16 COLLATE utf16_unicode_520_ci NOT NULL,
  `authority` int(11) NOT NULL,
  PRIMARY KEY (`id`)
) ENGINE=InnoDB AUTO_INCREMENT=4 DEFAULT CHARSET=utf8 COLLATE=utf8_unicode_520_ci;
/*!40101 SET character_set_client = @saved_cs_client */;

--
-- Dumping data for table `manager`
--

LOCK TABLES `manager` WRITE;
/*!40000 ALTER TABLE `manager` DISABLE KEYS */;
INSERT INTO `manager` VALUES (1,'张志君','094e723ba4e48d3072c23c2fb70e80c570a7e1af',1),(2,'李佳彬','a5facd9e393c9e500e5dd37870225014e315cff8',1),(3,'赵奕阳','7f3f60bb847e39c6574bb7c5a3fb44c2a5e548ba',1);
/*!40000 ALTER TABLE `manager` ENABLE KEYS */;
UNLOCK TABLES;

--
-- Table structure for table `question`
--

DROP TABLE IF EXISTS `question`;
/*!40101 SET @saved_cs_client     = @@character_set_client */;
/*!40101 SET character_set_client = utf8 */;
CREATE TABLE `question` (
  `id` int(10) unsigned NOT NULL AUTO_INCREMENT,
  `heading` varchar(80) NOT NULL,
  `description` varchar(3000) NOT NULL,
  `attachment` varchar(80) NOT NULL,
  `pub_date` timestamp NOT NULL DEFAULT CURRENT_TIMESTAMP,
  `price` decimal(6,2) NOT NULL,
  `deadline` timestamp NOT NULL DEFAULT '0000-00-00 00:00:00',
  `que_type` int(10) unsigned NOT NULL,
  `user_id` int(10) unsigned NOT NULL,
  `applicants` varchar(40) NOT NULL,
  `entrust` int(10) unsigned NOT NULL,
  `confirm` tinyint(1) NOT NULL DEFAULT '0',
  `result` tinyint(1) NOT NULL DEFAULT '0',
  `product` varchar(65) NOT NULL,
  `require` tinyint(1) NOT NULL DEFAULT '0',
  PRIMARY KEY (`id`)
) ENGINE=InnoDB DEFAULT CHARSET=utf8;
/*!40101 SET character_set_client = @saved_cs_client */;

--
-- Dumping data for table `question`
--

LOCK TABLES `question` WRITE;
/*!40000 ALTER TABLE `question` DISABLE KEYS */;
/*!40000 ALTER TABLE `question` ENABLE KEYS */;
UNLOCK TABLES;

--
-- Table structure for table `question_class0`
--

DROP TABLE IF EXISTS `question_class0`;
/*!40101 SET @saved_cs_client     = @@character_set_client */;
/*!40101 SET character_set_client = utf8 */;
CREATE TABLE `question_class0` (
  `id` int(10) unsigned NOT NULL AUTO_INCREMENT,
  `class0` varchar(10) NOT NULL,
  PRIMARY KEY (`id`)
) ENGINE=InnoDB AUTO_INCREMENT=11 DEFAULT CHARSET=utf8;
/*!40101 SET character_set_client = @saved_cs_client */;

--
-- Dumping data for table `question_class0`
--

LOCK TABLES `question_class0` WRITE;
/*!40000 ALTER TABLE `question_class0` DISABLE KEYS */;
INSERT INTO `question_class0` VALUES (1,'电脑/网络'),(2,'生活'),(3,'医疗健康'),(4,'体育/运动'),(5,'电子数码'),(6,'商业/理财'),(7,'教育/科学'),(10,'游戏');
/*!40000 ALTER TABLE `question_class0` ENABLE KEYS */;
UNLOCK TABLES;

--
-- Table structure for table `question_class1`
--

DROP TABLE IF EXISTS `question_class1`;
/*!40101 SET @saved_cs_client     = @@character_set_client */;
/*!40101 SET character_set_client = utf8 */;
CREATE TABLE `question_class1` (
  `id` int(10) unsigned NOT NULL AUTO_INCREMENT,
  `class0_id` int(10) unsigned NOT NULL,
  `class1` varchar(15) NOT NULL,
  PRIMARY KEY (`id`)
) ENGINE=InnoDB AUTO_INCREMENT=160 DEFAULT CHARSET=utf8;
/*!40101 SET character_set_client = @saved_cs_client */;

--
-- Dumping data for table `question_class1`
--

LOCK TABLES `question_class1` WRITE;
/*!40000 ALTER TABLE `question_class1` DISABLE KEYS */;
INSERT INTO `question_class1` VALUES (1,1,'硬件'),(2,1,'软件'),(3,1,'互联网'),(4,1,'电脑装机/选购'),(5,1,'平板电脑'),(6,1,'编程语言'),(7,1,'操作系统/系统故障'),(8,1,'软件开发'),(9,1,'笔记本电脑'),(10,2,'服装/首饰'),(11,2,'美容/塑身'),(12,2,'购物'),(13,2,'美食/烹饪'),(14,2,'育儿'),(15,2,'生活常识'),(16,2,'家电'),(17,2,'礼节礼仪'),(18,2,'交通出行'),(19,2,'家居装修'),(20,2,'购车养车'),(21,2,'起名/算命'),(22,2,'购房置业'),(23,2,'婚嫁'),(24,2,'保健养生'),(47,3,'内科'),(48,3,'妇产科'),(49,3,'人体常识'),(50,3,'五官科'),(51,3,'儿科'),(52,3,'皮肤科'),(53,3,'外科'),(54,3,'男性泌尿科'),(55,3,'肿瘤科'),(56,3,'传染科'),(57,3,'医院'),(58,3,'中医'),(59,3,'整形科'),(60,3,'精神心理科'),(61,3,'性病科'),(62,4,'足球'),(63,4,'篮球'),(64,4,'健身'),(65,4,'体育名人'),(66,4,'奥运/赛事'),(67,4,'游泳'),(68,4,'赛车/F1'),(69,4,'棋牌麻将'),(70,4,'武术搏击'),(71,4,'小球运动'),(72,4,'户外运动'),(73,4,'亚运会'),(74,4,'田径'),(75,4,'运动用品'),(76,4,'女子运动'),(77,5,'手机/通讯'),(78,5,'照相机/摄像机'),(79,5,'mp4/mp3'),(80,6,'股票'),(81,6,'财务税务'),(82,6,'创业投资'),(83,6,'贸易'),(84,6,'外汇'),(85,6,'商务文书'),(86,6,'基金'),(87,6,'银行业务'),(88,6,'个人理财'),(89,6,'保险'),(90,6,'经济研究'),(91,6,'企业管理'),(92,6,'产业信息'),(93,7,'理工学科'),(94,7,'外语学习'),(95,7,'升学/入学'),(96,7,'出国留学'),(97,7,'院校信息'),(98,7,'人文学科'),(99,7,'学习帮助'),(100,7,'职业教育'),(115,10,'网络游戏'),(116,10,'单机游戏'),(117,10,'桌上游戏'),(118,10,'下载安装'),(119,10,'魔兽世界'),(120,10,'DOTA2'),(121,10,'英雄联盟'),(122,10,'穿越火线'),(123,10,'地下城与勇士'),(124,10,'完美世界'),(125,10,'梦幻西游'),(126,10,'qq飞车'),(127,10,'跑跑卡丁车'),(128,10,'传奇'),(129,10,'诛仙'),(130,10,'逆战'),(131,10,'魔兽争霸'),(132,10,'古墓丽影'),(133,10,'暗黑破坏神'),(149,10,'使命召唤'),(150,10,'仙剑奇侠传'),(151,10,'求生之路'),(152,10,'植物大战僵尸'),(153,10,'孤岛危机'),(154,10,'极品飞车'),(155,10,'尘埃'),(156,10,'战地'),(157,10,'NBA'),(158,10,'实况足球'),(159,10,'三国杀');
/*!40000 ALTER TABLE `question_class1` ENABLE KEYS */;
UNLOCK TABLES;

--
-- Table structure for table `solution`
--

DROP TABLE IF EXISTS `solution`;
/*!40101 SET @saved_cs_client     = @@character_set_client */;
/*!40101 SET character_set_client = utf8 */;
CREATE TABLE `solution` (
  `id` int(10) NOT NULL AUTO_INCREMENT,
  `user_id` int(10) NOT NULL,
  `category` int(11) NOT NULL,
  `heading` varchar(50) CHARACTER SET utf8 COLLATE utf8_unicode_520_ci NOT NULL,
  `summary` varchar(630) NOT NULL,
  `video` varchar(70) CHARACTER SET utf8 COLLATE utf8_unicode_520_ci NOT NULL,
  `school` varchar(64) NOT NULL,
  `subject` varchar(64) NOT NULL,
  `title_picture` int(11) unsigned NOT NULL DEFAULT '11',
  `pass` int(11) NOT NULL DEFAULT '0',
  `date` timestamp NOT NULL DEFAULT CURRENT_TIMESTAMP,
  `price` int(1) unsigned NOT NULL DEFAULT '1',
  `upload_picture1` varchar(70) NOT NULL DEFAULT '0',
  `upload_picture2` varchar(70) NOT NULL DEFAULT '0',
  `upload_picture3` varchar(70) NOT NULL DEFAULT '0',
  `upload_picture4` varchar(70) NOT NULL DEFAULT '0',
  `upload_picture5` varchar(70) NOT NULL DEFAULT '0',
  PRIMARY KEY (`id`)
) ENGINE=InnoDB AUTO_INCREMENT=49 DEFAULT CHARSET=utf8;
/*!40101 SET character_set_client = @saved_cs_client */;

--
-- Dumping data for table `solution`
--

LOCK TABLES `solution` WRITE;
/*!40000 ALTER TABLE `solution` DISABLE KEYS */;
INSERT INTO `solution` VALUES (10,11,6,'汽车理论PPT&习题','正版书后附的光盘里的内容','{036001E0-0471-5FAA-F6FB-7EDA97C4E431}2014-06-30-12-05-07.rar','吉大','车辆',13,1,'2014-06-30 04:08:42',1,'','','','',''),(11,2,9,'吉林大学机械设计课程设计4-7题易燃易爆品生产车间链板式运输机的传动装置设计说明书与CAD图','题目：链板式运输机由电机驱动。电机转动，经传动装置带动链板式运输机的驱动链轮转动，拖动输送链移动，运送原料或产品。该机也可用于加工线或装配线上运送零件。整机结构要求，电机轴与运输机的驱动链轮主轴平行布置，使用寿命为5年，每日两班制工作，连续运转，单向转动，载荷平稳。允许输送链速度偏差为±5%。工作机效率为0.95，该机由机械厂小批生产。输送链拉力：3200N，输送链速度：1.1m/s，驱动链轮直径410mm。\n内容：设计说明书与CAD图。','{A8819170-FADA-5C74-DD85-ED5F12D687AA}2014-07-17-11-42-25.zip','吉林大学','机械工程及自动化',12,2,'2014-07-17 04:12:37',25,'1701.jpg','1702.jpg','','',''),(12,2,9,'吉林大学机械设计课程设计1-2题铸造车间型砂输送机的传动装置设计说明书与cad图','题目：输送带由电机驱动。电机转动，经传动装置带动输送带移动。按整机布置，要求电机轴与工作机鼓轮轴平行，使用寿命5年，每日两班制工作，工作时不逆转，载荷平稳，允许输送带速度偏差±5%，工作机效率0.95，要求有过载保护。按小批生产规模设计。1-2题：输送带拉力3500N，输送带速度0.9m/s，鼓轮直径350mm。\n内容：设计说明书和cad图。','{80D2005D-F582-F8C3-4A03-3B35E047F630}2014-07-18-07-39-14.zip','吉林大学','机械工程及自动化',12,2,'2014-07-17 23:45:49',25,'1601.jpg','1602.jpg','','',''),(13,2,9,'吉林大学机械设计课程设计1-1题铸造车间型砂输送机的传动装置设计说明书与CAD图','题目：输送带由电机驱动。电机转动，经传动装置带动输送带移动。按整机布置，要求电机轴与工作机鼓轮轴平行，使用寿命5年，每日两班制工作，工作时不逆转，载荷平稳，允许输送带速度偏差±5%，工作机效率0.95，要求有过载保护。按小批生产规模设计。1-1题：拉力3000N，输送带速度1m/s，鼓轮直径400mm。\n内容：设计说明书和cad图','{6B797D33-6C07-27D1-C4CC-8956EE5EA059}2014-07-20-08-51-16.zip','吉林大学','机械工程及自动化',12,2,'2014-07-20 00:57:20',25,'1501.jpg','1502.jpg','','',''),(14,2,9,'吉林大学机械设计课程设计1-3题铸造车间型砂输送机的传动装置设计说明书与CAD图','题目：输送带由电机驱动。电机转动，经传动装置带动输送带移动。按整机布置，要求电机轴与工作机鼓轮轴平行，使用寿命5年，每日两班制工作，工作时不逆转，载荷平稳，允许输送带速度偏差±5%，工作机效率0.95，要求有过载保护。按小批生产规模设计。1-3题：拉力3800N，输送带速度0.8m/s，鼓轮直径300mm。\n内容：设计说明书和cad图','{F70F9F39-E34C-FD55-A117-F153EED67CA7}2014-07-22-14-17-25.zip','吉林大学','机械工程及自动化',12,2,'2014-07-22 06:20:56',25,'1401.jpg','1402.jpg','','',''),(15,2,9,'吉林大学机械设计课程设计1-8题铸造车间型砂输送机的传动装置设计说明书与CAD图','题目：输送带由电机驱动。电机转动，经传动装置带动输送带移动。按整机布置，要求电机轴与工作机鼓轮轴平行，使用寿命5年，每日两班制工作，工作时不逆转，载荷平稳，允许输送带速度偏差±5%，工作机效率0.95，要求有过载保护。按小批生产规模设计。1-8题：拉力3400N，输送带速度0.85m/s，鼓轮直径330mm。\n内容：设计说明书和cad图','{81F52CB9-FA4B-755B-0A91-09375C501A24}2014-07-22-14-21-05.zip','吉林大学','机械工程及自动化',12,2,'2014-07-22 06:23:13',25,'1301.jpg','1302.jpg','','',''),(16,2,9,'吉林大学机械设计课程设计1-10题铸造车间型砂输送机的传动装置设计说明书与CAD图','题目：输送带由电机驱动。电机转动，经传动装置带动输送带移动。按整机布置，要求电机轴与工作机鼓轮轴平行，使用寿命5年，每日两班制工作，工作时不逆转，载荷平稳，允许输送带速度偏差±5%，工作机效率0.95，要求有过载保护。按小批生产规模设计。1-10题：拉力2400N，输送带速度1.2m/s，鼓轮直径440mm。\n内容：设计说明书和cad图','{17D450DA-CD65-7934-C6A9-2224DB9800CD}2014-07-22-14-37-59.zip','吉林大学','机械工程及自动化',12,2,'2014-07-22 06:39:49',25,'1201.jpg','1202.jpg','','',''),(17,2,9,'吉林大学机械设计课程设计3-3题热处理车间链板式运输机的传动装置设计说明书与CAD图','题目：链板式运输机由电机驱动。电机转动，经传动装置带动链板式运输机的驱动链轮转动，拖动输送链移动，运送热处理零件。该机也可用于加工线或装配线上运送零件。整机结构要求，电机轴与运输机的驱动链轮主轴垂直布置，使用寿命为10年，每日两班制工作，连续运转，单向转动，载荷平稳。允许输送链速度偏差为±5%。工作机效率为0.95，按小批生产规模设计，要求结构紧凑。输送链拉力：2300N，输送链速度：1.30m/s，驱动链轮直径220mm。\n内容：设计说明书与CAD图。','{B44F0077-F344-6B2D-ED79-B95C050B6E6F}2014-07-22-15-04-09.zip','吉林大学','机械工程及自动化',12,2,'2014-07-22 07:12:38',25,'1101.jpg','1102.jpg','','',''),(18,2,9,'吉林大学机械设计课程设计4-2题易燃易爆品生产车间链板式运输机的传动装置设计说明书与CAD图','题目：链板式运输机由电机驱动。电机转动，经传动装置带动链板式运输机的驱动链轮转动，拖动输送链移动，运送原料或产品。该机也可用于加工线或装配线上运送零件。整机结构要求，电机轴与运输机的驱动链轮主轴平行布置，使用寿命为5年，每日两班制工作，连续运转，单向转动，载荷平稳。允许输送链速度偏差为±5%。工作机效率为0.95，该机由机械厂小批生产。输送链拉力：4500N，输送链速度：0.8m/s，驱动链轮直径360mm。\n内容：设计说明书与CAD图。','{C494686C-5980-4155-CB60-A696F000857E}2014-07-22-15-21-01.zip','吉林大学','机械工程及自动化',12,2,'2014-07-22 07:26:07',25,'1001.jpg','1002.jpg','','',''),(19,2,9,'吉林大学机械设计课程设计3-5题热处理车间链板式运输机的传动装置设计说明书与CAD图','题目：链板式运输机由电机驱动。电机转动，经传动装置带动链板式运输机的驱动链轮转动，拖动输送链移动，运送热处理零件。该机也可用于加工线或装配线上运送零件。整机结构要求，电机轴与运输机的驱动链轮主轴垂直布置，使用寿命为10年，每日两班制工作，连续运转，单向转动，载荷平稳。允许输送链速度偏差为±5%。工作机效率为0.95，按小批生产规模设计，要求结构紧凑。输送链拉力：2100N，输送链速度：1.40m/s，驱动链轮直径240mm。\n内容：设计说明书与CAD图。','{7C89FED3-B2D8-268D-45A7-2C5AA155838E}2014-07-22-15-30-36.zip','吉林大学','机械工程及自动化',12,2,'2014-07-22 07:32:06',25,'901.jpg','902.jpg','','',''),(20,2,9,'吉林大学机械设计课程设计3-8题热处理车间链板式运输机的传动装置设计说明书与CAD图','题目：链板式运输机由电机驱动。电机转动，经传动装置带动链板式运输机的驱动链轮转动，拖动输送链移动，运送热处理零件。该机也可用于加工线或装配线上运送零件。整机结构要求，电机轴与运输机的驱动链轮主轴垂直布置，使用寿命为10年，每日两班制工作，连续运转，单向转动，载荷平稳。允许输送链速度偏差为±5%。工作机效率为0.95，按小批生产规模设计，要求结构紧凑。输送链拉力：1800N，输送链速度：1.55m/s，驱动链轮直径270mm。\n内容：设计说明书与CAD图。','{28FF7CC7-065C-3882-E92B-E1D8FCAF1361}2014-07-22-15-32-12.zip','吉林大学','机械工程及自动化',12,2,'2014-07-22 07:37:20',25,'801.jpg','802.jpg','','',''),(21,2,9,'吉林大学机械设计课程设计4-3题易燃易爆品生产车间链板式运输机的传动装置设计说明书与CAD图','题目：链板式运输机由电机驱动。电机转动，经传动装置带动链板式运输机的驱动链轮转动，拖动输送链移动，运送原料或产品。该机也可用于加工线或装配线上运送零件。整机结构要求，电机轴与运输机的驱动链轮主轴平行布置，使用寿命为5年，每日两班制工作，连续运转，单向转动，载荷平稳。允许输送链速度偏差为±5%。工作机效率为0.95，该机由机械厂小批生产。输送链拉力：4200N，输送链速度：0.9m/s，驱动链轮直径370mm。\n内容：设计说明书与CAD图。','{2F91C6BF-3205-24B7-B50E-CB7E3929B304}2014-07-22-17-26-20.zip','吉林大学','机械工程及自动化',12,2,'2014-07-22 09:28:14',25,'701.jpg','702.jpg','','',''),(22,2,9,'吉林大学机械设计课程设计1-9题铸造车间型砂输送机的传动装置设计说明书与CAD图','题目：输送带由电机驱动。电机转动，经传动装置带动输送带移动。按整机布置，要求电机轴与工作机鼓轮轴平行，使用寿命5年，每日两班制工作，工作时不逆转，载荷平稳，允许输送带速度偏差±5%，工作机效率0.95，要求有过载保护。按小批生产规模设计。1-9题：拉力3300N，输送带速度0.9m/s，鼓轮直径360mm。\n内容：设计说明书和cad图','{13F2CFE8-8103-F9AC-4445-4225BE4F3651}2014-07-22-17-28-21.zip','吉林大学','机械工程及自动化',12,2,'2014-07-22 09:33:03',25,'601.jpg','602.jpg','','',''),(23,2,9,'吉林大学机械设计课程设计3-1题热处理车间链板式运输机的传动装置设计说明书与CAD图','题目：链板式运输机由电机驱动。电机转动，经传动装置带动链板式运输机的驱动链轮转动，拖动输送链移动，运送热处理零件。该机也可用于加工线或装配线上运送零件。整机结构要求，电机轴与运输机的驱动链轮主轴垂直布置，使用寿命为10年，每日两班制工作，连续运转，单向转动，载荷平稳。允许输送链速度偏差为±5%。工作机效率为0.95，按小批生产规模设计，要求结构紧凑。输送链拉力：2500N，输送链速度：1.20m/s，驱动链轮直径200mm。\n内容：设计说明书与CAD图。','{7AFCD860-94CE-14E9-97E6-0610E5CCFC4E}2014-07-22-17-50-14.zip','吉林大学','机械工程及自动化',12,2,'2014-07-22 09:51:24',25,'501.jpg','502.jpg','','',''),(24,2,9,'吉林大学机械设计课程设计3-9题热处理车间链板式运输机的传动装置设计说明书与CAD图','题目：链板式运输机由电机驱动。电机转动，经传动装置带动链板式运输机的驱动链轮转动，拖动输送链移动，运送热处理零件。该机也可用于加工线或装配线上运送零件。整机结构要求，电机轴与运输机的驱动链轮主轴垂直布置，使用寿命为10年，每日两班制工作，连续运转，单向转动，载荷平稳。允许输送链速度偏差为±5%。工作机效率为0.95，按小批生产规模设计，要求结构紧凑。输送链拉力：2600N，输送链速度：1.15m/s，驱动链轮直径190mm。\n内容：设计说明书与CAD图。','{5A1A9D80-3DBE-46B4-EE79-DBB845D70753}2014-07-22-17-55-45.zip','吉林大学','机械工程及自动化',12,2,'2014-07-22 09:56:54',25,'401.jpg','402.jpg','','',''),(25,2,9,'吉林大学机械设计课程设计1-11题铸造车间型砂输送机的传动装置设计说明书与CAD图','题目：输送带由电机驱动。电机转动，经传动装置带动输送带移动。按整机布置，要求电机轴与工作机鼓轮轴平行，使用寿命5年，每日两班制工作，工作时不逆转，载荷平稳，允许输送带速度偏差±5%，工作机效率0.95，要求有过载保护。按小批生产规模设计。1-11题：拉力2500N，输送带速度1.3m/s，鼓轮直径430mm。\n内容：设计说明书和cad图','{0B8D1AB2-5C11-9186-B2CA-9BAFC168170C}2014-07-22-18-00-42.zip','吉林大学','机械工程及自动化',12,2,'2014-07-22 10:01:43',25,'301.jpg','302.jpg','','',''),(26,2,9,'吉林大学机械设计课程设计3-6题热处理车间链板式运输机的传动装置设计说明书与CAD图','题目：链板式运输机由电机驱动。电机转动，经传动装置带动链板式运输机的驱动链轮转动，拖动输送链移动，运送热处理零件。该机也可用于加工线或装配线上运送零件。整机结构要求，电机轴与运输机的驱动链轮主轴垂直布置，使用寿命为10年，每日两班制工作，连续运转，单向转动，载荷平稳。允许输送链速度偏差为±5%。工作机效率为0.95，按小批生产规模设计，要求结构紧凑。输送链拉力：2000N，输送链速度：1.45m/s，驱动链轮直径250mm。\n内容：设计说明书与CAD图。','{ACF53423-F84B-0043-5F8A-3637CB2720B3}2014-07-22-18-04-46.zip','吉林大学','机械工程及自动化',12,2,'2014-07-22 10:06:07',25,'201.jpg','202.jpg','','',''),(27,2,9,'吉林大学机械设计课程设计4-5题易燃易爆品生产车间链板式运输机的传动装置设计说明书与CAD图','题目：链板式运输机由电机驱动。电机转动，经传动装置带动链板式运输机的驱动链轮转动，拖动输送链移动，运送原料或产品。该机也可用于加工线或装配线上运送零件。整机结构要求，电机轴与运输机的驱动链轮主轴平行布置，使用寿命为5年，每日两班制工作，连续运转，单向转动，载荷平稳。允许输送链速度偏差为±5%。工作机效率为0.95，该机由机械厂小批生产。输送链拉力：3800N，输送链速度：1.0m/s，驱动链轮直径390mm。\n内容：设计说明书与CAD图。','{6E908B3A-38EB-89E8-5FBF-3F556B0C615E}2014-07-22-18-09-43.zip','吉林大学','机械工程及自动化',12,2,'2014-07-22 10:12:09',25,'101.jpg','102.jpg','','',''),(28,2,9,'吉林大学机械设计课程设计3-4题热处理车间链板式运输机的传动装置设计说明书与CAD图','题目：链板式运输机由电机驱动。电机转动，经传动装置带动链板式运输机的驱动链轮转动，拖动输送链移动，运送热处理零件。该机也可用于加工线或装配线上运送零件。整机结构要求，电机轴与运输机的驱动链轮主轴垂直布置，使用寿命为10年，每日两班制工作，连续运转，单向转动，载荷平稳。允许输送链速度偏差为±5%。工作机效率为0.95，按小批生产规模设计，要求结构紧凑。输送链拉力：2200N，输送链速度：1.35m/s，驱动链轮直径230mm。\n内容：设计说明书与CAD图。','{3F865994-2928-BEE9-65F7-E738A339D973}2014-08-18-22-42-45.zip','吉林大学','机械工程及自动化',12,2,'2014-08-18 14:45:55',25,'0','0','0','0','0'),(29,2,9,'吉林大学机械设计课程设计4-6题易燃易爆品生产车间链板式运输机的传动装置设计说明书与CAD图','题目：链板式运输机由电机驱动。电机转动，经传动装置带动链板式运输机的驱动链轮转动，拖动输送链移动，运送原料或产品。该机也可用于加工线或装配线上运送零件。整机结构要求，电机轴与运输机的驱动链轮主轴平行布置，使用寿命为5年，每日两班制工作，连续运转，单向转动，载荷平稳。允许输送链速度偏差为±5%。工作机效率为0.95，该机由机械厂小批生产。输送链拉力：3500N，输送链速度：1.1m/s，驱动链轮直径400mm。\r\n内容：设计说明书与CAD图。','{36E38503-500D-928B-AAA5-D6164E488B11}2014-08-18-22-51-39.zip','吉林大学','机械工程及自动化',12,2,'2014-08-18 14:52:45',25,'0','0','0','0','0'),(30,2,9,'吉林大学机械设计课程设计4-8题易燃易爆品生产车间链板式运输机的传动装置设计说明书与CAD图','题目：链板式运输机由电机驱动。电机转动，经传动装置带动链板式运输机的驱动链轮转动，拖动输送链移动，运送原料或产品。该机也可用于加工线或装配线上运送零件。整机结构要求，电机轴与运输机的驱动链轮主轴平行布置，使用寿命为5年，每日两班制工作，连续运转，单向转动，载荷平稳。允许输送链速度偏差为±5%。工作机效率为0.95，该机由机械厂小批生产。输送链拉力：3000N，输送链速度：1.2m/s，驱动链轮直径430mm。\r\n内容：设计说明书与CAD图。','{B11ACEC6-E0C1-F5A0-ECFE-AFAF94EF4720}2014-08-18-23-02-06.zip','吉林大学','机械工程及自动化',12,2,'2014-08-18 15:03:22',25,'0','0','0','0','0'),(31,2,9,'吉林大学机械设计课程设计4-1题易燃易爆品生产车间链板式运输机的传动装置设计说明书与CAD图','题目：链板式运输机由电机驱动。电机转动，经传动装置带动链板式运输机的驱动链轮转动，拖动输送链移动，运送原料或产品。该机也可用于加工线或装配线上运送零件。整机结构要求，电机轴与运输机的驱动链轮主轴平行布置，使用寿命为5年，每日两班制工作，连续运转，单向转动，载荷平稳。允许输送链速度偏差为±5%。工作机效率为0.95，该机由机械厂小批生产。输送链拉力：4800N，输送链速度：0.7m/s，驱动链轮直径350mm。\r\n内容：设计说明书与CAD图。','{07261D25-099C-7719-4CFE-4E000B81CD5B}2014-08-18-23-07-46.zip','吉林大学','机械工程及自动化',12,2,'2014-08-18 15:09:41',25,'0','0','0','0','0'),(32,2,9,'吉林大学机械设计课程设计4-10题易燃易爆品生产车间链板式运输机的传动装置设计说明书与CAD图','题目：链板式运输机由电机驱动。电机转动，经传动装置带动链板式运输机的驱动链轮转动，拖动输送链移动，运送原料或产品。该机也可用于加工线或装配线上运送零件。整机结构要求，电机轴与运输机的驱动链轮主轴平行布置，使用寿命为5年，每日两班制工作，连续运转，单向转动，载荷平稳。允许输送链速度偏差为±5%。工作机效率为0.95，该机由机械厂小批生产。输送链拉力：4350N，输送链速度：0.8m/s，驱动链轮直径365mm。\r\n内容：设计说明书与CAD图。','{733773A8-229B-9E50-2713-D0F84648F18F}2014-08-18-23-10-00.zip','吉林大学','机械工程及自动化',12,2,'2014-08-18 15:15:49',25,'0','0','0','0','0'),(33,2,9,'吉林大学机械设计课程设计1-5题铸造车间型砂输送机的传动装置设计说明书与cad图','题目：输送带由电机驱动。电机转动，经传动装置带动输送带移动。按整机布置，要求电机轴与工作机鼓轮轴平行，使用寿命5年，每日两班制工作，工作时不逆转，载荷平稳，允许输送带速度偏差±5%，工作机效率0.95，要求有过载保护。按小批生产规模设计。1-5题：输送带拉力2200N，输送带速度1.3m/s，鼓轮直径450mm。\n内容：设计说明书和cad图。','{8A4D9369-1C77-6B02-5945-D17F8ED391E8}2014-08-19-15-25-10.zip','吉林大学','机械工程及自动化',12,2,'2014-08-19 07:27:09',25,'0','0','0','0','0'),(34,2,9,'吉林大学机械设计课程设计1-6题铸造车间型砂输送机的传动装置设计说明书与cad图','题目：输送带由电机驱动。电机转动，经传动装置带动输送带移动。按整机布置，要求电机轴与工作机鼓轮轴平行，使用寿命5年，每日两班制工作，工作时不逆转，载荷平稳，允许输送带速度偏差±5%，工作机效率0.95，要求有过载保护。按小批生产规模设计。1-6题：输送带拉力2800N，输送带速度1.1m/s，鼓轮直径380mm。\n内容：设计说明书和cad图。','{EE83BEF6-6B7A-4FF2-B5B7-13850925B63E}2014-08-19-15-27-16.zip','吉林大学','机械工程及自动化',12,2,'2014-08-19 07:37:00',25,'0','0','0','0','0'),(35,11,11,'一汽工厂实习资料pdf','包含：机械产品构造实习指导书+工程机械部分、机械制造基础实习指导书、机械制造技术基础实习题、汽车厂实习教程、实习报告教程。','{AE6C67F0-A5C1-5485-F0B9-8949D81A5543}2014-08-19-17-12-24.rar','吉林大学','机械学院&车辆学院',14,2,'2014-08-19 09:14:09',1,'yqsx.jpg','yqsx2.jpg','yqsx3.jpg','0','0'),(36,2,11,'生产制造实习报告总结版（完整手写）','包含：变速箱装配（2页）、后桥装配（1页）、前桥装配（3页）、一轴工序过程（5页）、转向节工序过程（7页）。\n注意：此报告是已经总结好的，复印社没有，此报告有逻辑顺序，可直接抄写，实习报告的总结部分或大面上内容可根据此报告来抄写，实习报告的文字叙述部分（例如每部分的开头介绍、注意事项等等因人而异）请大家自己写（或下载“生产制造实习报告参考资料pdf”以供参考）。','{06D827BB-0BAB-3436-7373-EB15B95A7583}2014-08-19-22-50-47.zip','吉林大学','车辆工程',14,2,'2014-08-19 14:58:12',10,'scsx1.JPG','scsx2.JPG','0','0','0'),(37,2,11,'生产制造实习报告参考资料pdf','包括：变速器一轴、变速器二轴、减速器、生产报告上盖、生产日志变速箱装配、生产报告变速器二轴、实验报告变速器一轴、实验报告变速器装配、实验报告齿轮一轴、主动锥齿轮、转向节、转向节主要工序的pdf参考资料。\n注意：实习报告的文字叙述部分（例如每部分的开头介绍、注意事项等等因人而异）可参考本资料来写，实习报告的总结部分或大面上的内容请下载“生产制造实习报告总结版（完整手写）”来抄写。','{4836018D-BD56-B6D8-2CFA-DBF7A86E20C6}2014-08-20-14-08-29.zip','吉林大学','车辆工程',14,2,'2014-08-20 06:24:16',1,'scsx3.jpg','scsx4.jpg','scsx5.jpg','0','0'),(38,11,9,'吉林大学机械设计课程设2-6题铸造车间碾砂机的传动装置CAD图','吉林大学机械设计课程设2-6题铸造车间碾砂机的传动装置CAD图','{FA40E400-2C9A-C8A4-2235-D16EB0654A32}2014-09-11-22-51-54.zip','吉林大学','机械学院&车辆学院',12,1,'2014-09-11 14:58:03',25,'0','0','0','0','0'),(39,11,12,'80篇英语文章','80篇英语文章，附上生词难词的解释及例句。部分文章还附有翻译。例句大部分是从必应词典上查到的，可能不尽准确。最好还是以原文的表达为准。\n\n所有英语文章的版权归其原出版者[The Economist（英国经济学家周刊）、Harretz（以色列国土报）、Salon.com等]所有。','{2D89ADA5-111E-9ADC-3010-8306BF35C25B}2014-09-12-19-36-38.zip','吉林大学','各种专业',15,1,'2014-09-12 11:47:02',18,'0','0','0','0','0'),(40,1,13,'前刹车调整臂外壳课程设计说明书','前刹车调整臂外壳课程设计说明书，附工序卡。','{94873752-36D9-3A68-87E9-16F95C814599}2014-10-08-14-07-47.rar','吉林大学','机械工程及自动化',16,1,'2014-10-08 06:11:19',1,'0','0','0','0','0'),(41,11,14,'材料力学课程设计--单缸柴油机曲轴','材料力学课程设计--单缸柴油机曲轴','{3EB778ED-9353-605E-C7B8-03EC20DB5835}2014-11-29-23-36-03.rar','吉林大学','车辆工程专业',17,1,'2014-11-29 15:38:34',3,'0','0','0','0','0'),(42,11,15,'APS留德审核资料','APS留德审核资料','{B654F66F-1901-67EA-630B-6834BFE63FBF}2015-02-28-14-21-01.rar','-','机械大类',18,1,'2015-02-28 06:23:01',7,'0','0','0','0','0'),(43,151,9,'吉林大学机械设计课程设计（双斜减速器）','该资料包括完整的CAD图（dwg格式，两张A0：A0总装配图，A1箱体零件图，A2轴类零件图，A2齿轮零件图），CATIA三维建模模型（包括零件建模和装配建模），PDF预览图和说明书等。该设计已经通过答辩，你可以选择复制CAD里面的图稍加更改来制图，也可以选择通过更改CATIA建模来进行工程制图。说明书中有详细的计算步骤，包括齿轮计算校核，轴的计算校核，轴承的计算校核，键的计算校核，联轴器计算校核等。该资料的答辩成绩为A级优等，希望它能帮你顺利通过答辩并取得理想成绩。','{954278B6-4542-E326-4C33-CD1152BE33DF}2015-06-30-22-19-00.zip','吉林大学','机械',12,-1,'2015-06-30 14:42:30',20,'0','0','0','0','0'),(44,146,9,'吉林大学机械设计课程设2-2题-二级圆柱斜齿轮减速器（脂润滑）','题目2-2，说明书中轴承校核部分错误，图纸问题不大','{C6C57786-30C4-4F4C-B2B6-0FF9D2880F2D}2015-07-07-15-14-39.rar','吉林大学','机械工程及自动化',12,1,'2015-07-07 07:15:40',20,'0','0','0','0','0'),(45,134,9,'砂型碾砂机2-7','课程设计cad图纸同时可以联系我单独提供齿轮计算和轴系校核以及轴承寿命计算（另外收费80元一份非诚勿扰）联系方式扣扣：923136839','{9AF4CF1B-17A8-DA70-6715-074CE2A0780F}2015-07-13-13-01-05.rar','吉林大学','机械自动化',12,1,'2015-07-13 05:08:13',20,'0','0','0','0','0'),(46,162,14,'7.6第2根轴五种传动轴的静强度、变形及疲劳强度的计算','','{73F2A9CA-C1DB-0EF3-F608-0A07A1F31715}2015-08-19-10-21-18.zip','吉林大学','车辆工程',17,1,'2015-08-19 02:22:58',5,'0','0','0','0','0'),(47,146,9,'4-1','题目4-1全套图纸','{49A3A510-54C0-777A-C327-9FFD623CFBBD}2015-08-20-11-04-34.rar','吉林大学','机械工程及自动化',12,1,'2015-08-20 03:07:47',20,'0','0','0','0','0'),(48,146,9,'4-7','题目4-7图纸','{A112E859-3A81-23E7-0B82-7BA506CB2020}2015-08-20-11-07-55.rar','吉林大学','机械工程及自动化',12,1,'2015-08-20 03:09:03',20,'0','0','0','0','0');
/*!40000 ALTER TABLE `solution` ENABLE KEYS */;
UNLOCK TABLES;

--
-- Table structure for table `solution_category0`
--

DROP TABLE IF EXISTS `solution_category0`;
/*!40101 SET @saved_cs_client     = @@character_set_client */;
/*!40101 SET character_set_client = utf8 */;
CREATE TABLE `solution_category0` (
  `id` int(10) unsigned NOT NULL AUTO_INCREMENT,
  `class0` varchar(15) NOT NULL,
  PRIMARY KEY (`id`)
) ENGINE=InnoDB AUTO_INCREMENT=6 DEFAULT CHARSET=utf8;
/*!40101 SET character_set_client = @saved_cs_client */;

--
-- Dumping data for table `solution_category0`
--

LOCK TABLES `solution_category0` WRITE;
/*!40000 ALTER TABLE `solution_category0` DISABLE KEYS */;
INSERT INTO `solution_category0` VALUES (2,'等级考试'),(3,'机械专业课'),(4,'车辆专业课'),(5,'实习报告类');
/*!40000 ALTER TABLE `solution_category0` ENABLE KEYS */;
UNLOCK TABLES;

--
-- Table structure for table `solution_category1`
--

DROP TABLE IF EXISTS `solution_category1`;
/*!40101 SET @saved_cs_client     = @@character_set_client */;
/*!40101 SET character_set_client = utf8 */;
CREATE TABLE `solution_category1` (
  `id` int(10) unsigned NOT NULL AUTO_INCREMENT,
  `class0_id` int(10) unsigned NOT NULL,
  `class1` varchar(30) CHARACTER SET utf8 COLLATE utf8_unicode_520_ci NOT NULL,
  PRIMARY KEY (`id`)
) ENGINE=InnoDB AUTO_INCREMENT=16 DEFAULT CHARSET=latin1;
/*!40101 SET character_set_client = @saved_cs_client */;

--
-- Dumping data for table `solution_category1`
--

LOCK TABLES `solution_category1` WRITE;
/*!40000 ALTER TABLE `solution_category1` DISABLE KEYS */;
INSERT INTO `solution_category1` VALUES (6,4,'汽车理论'),(9,3,'机械设计课程设计'),(11,5,'生产制造实习'),(12,2,'英语四六级'),(13,3,'机械制造课程设计'),(14,3,'材料力学课程设计'),(15,3,'APS留德审核');
/*!40000 ALTER TABLE `solution_category1` ENABLE KEYS */;
UNLOCK TABLES;

--
-- Table structure for table `textbook_picture`
--

DROP TABLE IF EXISTS `textbook_picture`;
/*!40101 SET @saved_cs_client     = @@character_set_client */;
/*!40101 SET character_set_client = utf8 */;
CREATE TABLE `textbook_picture` (
  `id` int(10) unsigned NOT NULL AUTO_INCREMENT,
  `textbook_information` varchar(100) CHARACTER SET utf8 COLLATE utf8_unicode_520_ci NOT NULL,
  `picture` varchar(70) CHARACTER SET utf8 COLLATE utf8_unicode_520_ci NOT NULL,
  PRIMARY KEY (`id`)
) ENGINE=InnoDB AUTO_INCREMENT=19 DEFAULT CHARSET=latin1;
/*!40101 SET character_set_client = @saved_cs_client */;

--
-- Dumping data for table `textbook_picture`
--

LOCK TABLES `textbook_picture` WRITE;
/*!40000 ALTER TABLE `textbook_picture` DISABLE KEYS */;
INSERT INTO `textbook_picture` VALUES (1,'大学数学-微积分（第二版）上册*李辉来，王国铭，白岩*高等教育出版社','1.jpg'),(2,'大学数学-微积分习题课教程（第二版）上册*张朝凤，王颖，王瑞延*高等教育出版社','2.jpg'),(3,'大学数学-微积分（第二版）下册*李辉来，郭华*高等教育出版社','3.jpg'),(4,'大学数学-微积分习题课教程（第二版）下册*白岩，刘静，马瑞杰*高等教育出版社','4.jpg'),(5,'大学数学-线性代数（第二版）*陈殿友，术洪亮，戴天时*高等教育出版社','5.jpg'),(6,'大学数学-线性代数习题课教程（第二版）*黄万风，赵玉娟，李宾*高等教育出版社','6.jpg'),(7,'大学数学-随机数学（第二版）*李忠范，孙殿，高文森*高等教育出版社','7.jpg'),(8,'大学数学-随机数学习题课教程（第二版）*孙殿，张旭利，高彦伟*高等教育出版社','8.jpg'),(9,'机械制造技术基础（第二版）*于骏一，邹青*机械工业出版社','9.jpg'),(11,'',''),(12,'机械设计课程设计（第二版）*寇尊权，王多*机械工业出版社','12.jpg'),(13,'汽车理论（第五版）*余志生*机械工业出版社','13.jpg'),(14,'机械制造技术基础实习指导书*张富*无','14.jpg'),(15,'英语阅读文章','15.jpg'),(16,'机械制造技术基础课程设计指导教程*邹青*机械工业出版社','16.jpg'),(17,'材料力学实验与课程设计*聂毓琴,吴宏*机械工业出版社','17.jpg'),(18,'APS留德审核','18.jpg');
/*!40000 ALTER TABLE `textbook_picture` ENABLE KEYS */;
UNLOCK TABLES;

--
-- Table structure for table `tixian`
--

DROP TABLE IF EXISTS `tixian`;
/*!40101 SET @saved_cs_client     = @@character_set_client */;
/*!40101 SET character_set_client = utf8 */;
CREATE TABLE `tixian` (
  `id` int(10) unsigned NOT NULL AUTO_INCREMENT,
  `user_id` int(10) unsigned NOT NULL,
  `type` tinyint(3) unsigned NOT NULL,
  `haoma` varchar(30) COLLATE utf8_unicode_520_ci NOT NULL,
  `name` varchar(15) COLLATE utf8_unicode_520_ci NOT NULL,
  `money` smallint(5) unsigned NOT NULL,
  `dianyin` varchar(30) COLLATE utf8_unicode_520_ci NOT NULL,
  `time` timestamp NOT NULL DEFAULT CURRENT_TIMESTAMP,
  `pass` tinyint(4) NOT NULL DEFAULT '0',
  PRIMARY KEY (`id`)
) ENGINE=InnoDB AUTO_INCREMENT=3 DEFAULT CHARSET=utf8 COLLATE=utf8_unicode_520_ci;
/*!40101 SET character_set_client = @saved_cs_client */;

--
-- Dumping data for table `tixian`
--

LOCK TABLES `tixian` WRITE;
/*!40000 ALTER TABLE `tixian` DISABLE KEYS */;
INSERT INTO `tixian` VALUES (1,11,1,'13756123774','冯和丽',50,'','2015-08-01 08:16:08',1),(2,146,1,'15590162580','王思展',50,'','2016-06-17 02:03:55',1);
/*!40000 ALTER TABLE `tixian` ENABLE KEYS */;
UNLOCK TABLES;

--
-- Table structure for table `trade`
--

DROP TABLE IF EXISTS `trade`;
/*!40101 SET @saved_cs_client     = @@character_set_client */;
/*!40101 SET character_set_client = utf8 */;
CREATE TABLE `trade` (
  `id` int(10) unsigned NOT NULL AUTO_INCREMENT,
  `user_id` int(10) unsigned NOT NULL,
  `how_much` decimal(8,2) NOT NULL,
  `trade_no` varchar(70) COLLATE utf8_unicode_520_ci NOT NULL,
  `balance` decimal(8,2) unsigned NOT NULL,
  `type` smallint(6) unsigned NOT NULL,
  `buyer` int(10) unsigned NOT NULL DEFAULT '0',
  `time` timestamp NOT NULL DEFAULT CURRENT_TIMESTAMP,
  PRIMARY KEY (`id`)
) ENGINE=InnoDB AUTO_INCREMENT=365 DEFAULT CHARSET=utf8 COLLATE=utf8_unicode_520_ci;
/*!40101 SET character_set_client = @saved_cs_client */;

--
-- Dumping data for table `trade`
--

LOCK TABLES `trade` WRITE;
/*!40000 ALTER TABLE `trade` DISABLE KEYS */;
INSERT INTO `trade` VALUES (1,3,1.00,'2015060800001000630070201388',1.00,1,0,'2015-06-08 02:21:50'),(2,90,25.00,'2015060800001000790057250546',25.00,1,0,'2015-06-08 04:22:39'),(3,90,25.00,'21',0.00,8,0,'2015-06-08 04:25:20'),(4,2,12.50,'21',12.50,7,90,'2015-06-08 04:25:20'),(5,93,50.00,'2015060800001000040055637483',50.00,1,0,'2015-06-08 09:33:25'),(6,93,25.00,'12',25.00,8,0,'2015-06-08 09:34:38'),(7,2,12.50,'12',25.00,7,93,'2015-06-08 09:34:38'),(8,93,25.00,'13',0.00,8,0,'2015-06-08 09:36:42'),(9,2,12.50,'13',37.50,7,93,'2015-06-08 09:36:42'),(10,98,25.00,'2015060800001000990057153072',25.00,1,0,'2015-06-08 13:35:35'),(11,98,25.00,'24',0.00,8,0,'2015-06-08 13:37:17'),(12,2,12.50,'24',50.00,7,98,'2015-06-08 13:37:17'),(13,103,7.00,'2015060800001000770054085477',7.00,1,0,'2015-06-08 14:56:07'),(14,103,7.00,'42',0.00,8,0,'2015-06-08 14:56:42'),(15,11,3.50,'42',3.50,7,103,'2015-06-08 14:56:42'),(16,107,25.00,'2015060900001000350054841583',25.00,1,0,'2015-06-08 23:54:21'),(17,107,25.00,'12',0.00,8,0,'2015-06-08 23:56:16'),(18,2,12.50,'12',62.50,7,107,'2015-06-08 23:56:16'),(19,108,25.00,'2015060900001000790057344807',25.00,1,0,'2015-06-09 02:49:29'),(20,108,25.00,'12',0.00,8,0,'2015-06-09 02:51:34'),(21,2,12.50,'12',75.00,7,108,'2015-06-09 02:51:34'),(22,109,25.00,'2015060900001000780057444620',25.00,1,0,'2015-06-09 03:27:57'),(23,109,25.00,'18',0.00,8,0,'2015-06-09 03:28:28'),(24,2,12.50,'18',87.50,7,109,'2015-06-09 03:28:28'),(25,107,50.00,'2015060900001000350054864179',50.00,1,0,'2015-06-09 04:17:32'),(26,107,25.00,'38',25.00,8,0,'2015-06-09 04:17:45'),(27,11,12.50,'38',16.00,7,107,'2015-06-09 04:17:45'),(28,107,25.00,'34',0.00,8,0,'2015-06-09 04:21:33'),(29,2,12.50,'34',100.00,7,107,'2015-06-09 04:21:33'),(30,100,25.00,'2015060900001000260054628791',25.00,1,0,'2015-06-09 04:30:06'),(31,100,25.00,'29',0.00,8,0,'2015-06-09 04:30:49'),(32,2,12.50,'29',112.50,7,100,'2015-06-09 04:30:49'),(33,110,25.00,'2015060900001000570068332494',25.00,1,0,'2015-06-09 07:53:30'),(34,110,25.00,'23',0.00,8,0,'2015-06-09 07:54:23'),(35,2,12.50,'23',125.00,7,110,'2015-06-09 07:54:23'),(36,112,25.00,'2015060900001000270073006334',25.00,1,0,'2015-06-09 08:25:13'),(37,112,25.00,'17',0.00,8,0,'2015-06-09 08:26:57'),(38,2,12.50,'17',137.50,7,112,'2015-06-09 08:26:57'),(39,113,25.00,'2015060900001000140053725605',25.00,1,0,'2015-06-09 15:10:50'),(40,113,25.00,'26',0.00,8,0,'2015-06-09 15:11:05'),(41,2,12.50,'26',150.00,7,113,'2015-06-09 15:11:05'),(42,115,25.00,'2015061000001000250053233208',25.00,1,0,'2015-06-09 23:23:49'),(43,115,25.00,'31',0.00,8,0,'2015-06-09 23:24:07'),(44,2,12.50,'31',162.50,7,115,'2015-06-09 23:24:07'),(45,96,25.00,'2015061100001000190055317059',25.00,1,0,'2015-06-11 03:09:35'),(46,96,25.00,'12',0.00,8,0,'2015-06-11 03:14:05'),(47,2,12.50,'12',175.00,7,96,'2015-06-11 03:14:05'),(48,118,20.00,'2015061400001000860052411731',20.00,1,0,'2015-06-14 13:48:51'),(49,118,5.00,'2015061400001000860052412774',25.00,1,0,'2015-06-14 14:00:14'),(50,118,25.00,'26',0.00,8,0,'2015-06-14 14:01:07'),(51,2,12.50,'26',187.50,7,118,'2015-06-14 14:01:07'),(52,121,25.00,'2015061500001000250053716668',25.00,1,0,'2015-06-15 03:30:05'),(53,121,25.00,'23',0.00,8,0,'2015-06-15 03:32:46'),(54,2,12.50,'23',200.00,7,121,'2015-06-15 03:32:46'),(55,116,25.00,'2015061500001000160054766493',25.00,1,0,'2015-06-15 03:54:34'),(56,116,25.00,'38',0.00,8,0,'2015-06-15 03:55:12'),(57,11,12.50,'38',28.50,7,116,'2015-06-15 03:55:12'),(58,122,25.00,'2015061500001000680054237908',25.00,1,0,'2015-06-15 04:43:19'),(59,122,25.00,'14',0.00,8,0,'2015-06-15 04:43:45'),(60,2,12.50,'14',212.50,7,122,'2015-06-15 04:43:45'),(61,119,25.00,'2015061500001000770054729429',25.00,1,0,'2015-06-15 04:59:42'),(62,119,25.00,'21',0.00,8,0,'2015-06-15 05:00:29'),(63,2,12.50,'21',225.00,7,119,'2015-06-15 05:00:29'),(64,123,25.00,'2015061500001000580056002459',25.00,1,0,'2015-06-15 05:00:29'),(65,123,25.00,'32',0.00,8,0,'2015-06-15 05:01:24'),(66,2,12.50,'32',237.50,7,123,'2015-06-15 05:01:24'),(67,125,25.00,'2015061500001000950054972797',25.00,1,0,'2015-06-15 14:19:39'),(68,125,25.00,'33',0.00,8,0,'2015-06-15 14:22:00'),(69,2,12.50,'33',250.00,7,125,'2015-06-15 14:22:00'),(70,126,25.00,'2015061600001000570069151869',25.00,1,0,'2015-06-16 05:20:17'),(71,126,25.00,'19',0.00,8,0,'2015-06-16 05:20:40'),(72,2,12.50,'19',262.50,7,126,'2015-06-16 05:20:40'),(73,127,25.00,'2015061700001000160054938918',25.00,1,0,'2015-06-17 00:41:10'),(74,127,25.00,'11',0.00,8,0,'2015-06-17 00:50:20'),(75,2,12.50,'11',275.00,7,127,'2015-06-17 00:50:20'),(76,122,25.00,'2015061700001000610054400729',25.00,1,0,'2015-06-17 02:45:25'),(77,122,25.00,'38',0.00,8,0,'2015-06-17 02:45:46'),(78,11,12.50,'38',41.00,7,122,'2015-06-17 02:45:46'),(79,127,25.00,'2015061700001000160054950038',25.00,1,0,'2015-06-17 02:51:58'),(80,127,25.00,'38',0.00,8,0,'2015-06-17 02:52:41'),(81,11,12.50,'38',53.50,7,127,'2015-06-17 02:52:41'),(82,129,25.00,'2015061700001000790058211585',25.00,1,0,'2015-06-17 10:56:40'),(83,129,25.00,'34',0.00,8,0,'2015-06-17 10:57:10'),(84,2,12.50,'34',287.50,7,129,'2015-06-17 10:57:10'),(85,130,25.00,'2015061800001000060055816086',25.00,1,0,'2015-06-18 02:45:48'),(86,130,25.00,'11',0.00,8,0,'2015-06-18 02:48:35'),(87,2,12.50,'11',300.00,7,130,'2015-06-18 02:48:35'),(88,131,25.00,'2015061800001000180054156552',25.00,1,0,'2015-06-18 03:13:43'),(89,131,25.00,'19',0.00,8,0,'2015-06-18 03:14:33'),(90,2,12.50,'19',312.50,7,131,'2015-06-18 03:14:33'),(91,132,25.00,'2015061800001000750065072941',25.00,1,0,'2015-06-18 03:47:49'),(92,132,25.00,'19',0.00,8,0,'2015-06-18 03:48:42'),(93,2,12.50,'19',325.00,7,132,'2015-06-18 03:48:42'),(94,133,25.00,'2015061800001000210057516210',25.00,1,0,'2015-06-18 07:26:19'),(95,133,25.00,'20',0.00,8,0,'2015-06-18 07:32:24'),(96,2,12.50,'20',337.50,7,133,'2015-06-18 07:32:24'),(97,134,25.00,'2015061900001000340056759298',25.00,1,0,'2015-06-19 09:18:51'),(98,134,25.00,'38',0.00,8,0,'2015-06-19 09:19:09'),(99,11,12.50,'38',66.00,7,134,'2015-06-19 09:19:09'),(100,135,25.00,'2015062000001000230058430436',25.00,1,0,'2015-06-20 06:41:46'),(101,135,25.00,'30',0.00,8,0,'2015-06-20 06:42:54'),(102,2,12.50,'30',350.00,7,135,'2015-06-20 06:42:54'),(103,136,25.00,'2015062000001000730058191732',25.00,1,0,'2015-06-20 09:41:10'),(104,136,25.00,'38',0.00,8,0,'2015-06-20 09:41:33'),(105,11,12.50,'38',78.50,7,136,'2015-06-20 09:41:33'),(106,137,25.00,'2015062000001000380065470244',25.00,1,0,'2015-06-20 10:16:41'),(107,137,25.00,'38',0.00,8,0,'2015-06-20 10:20:38'),(108,11,12.50,'38',91.00,7,137,'2015-06-20 10:20:38'),(109,140,25.00,'2015062200001000270074611287',25.00,1,0,'2015-06-22 04:21:02'),(110,140,25.00,'19',0.00,8,0,'2015-06-22 04:21:36'),(111,2,12.50,'19',362.50,7,140,'2015-06-22 04:21:36'),(112,114,25.00,'2015062200001000420060875242',25.00,1,0,'2015-06-22 14:24:36'),(113,114,25.00,'38',0.00,8,0,'2015-06-22 14:25:26'),(114,11,12.50,'38',103.50,7,114,'2015-06-22 14:25:26'),(115,142,25.00,'2015062200001000430056993514',25.00,1,0,'2015-06-22 14:39:56'),(116,142,25.00,'33',0.00,8,0,'2015-06-22 14:40:43'),(117,2,12.50,'33',375.00,7,142,'2015-06-22 14:40:43'),(118,143,25.00,'2015062300001000580056827996',25.00,1,0,'2015-06-23 03:10:14'),(119,143,25.00,'22',0.00,8,0,'2015-06-23 03:11:04'),(120,2,12.50,'22',387.50,7,143,'2015-06-23 03:11:04'),(121,144,25.00,'2015062300001000430057063229',25.00,1,0,'2015-06-23 09:35:00'),(122,144,25.00,'11',0.00,8,0,'2015-06-23 09:35:13'),(123,2,12.50,'11',400.00,7,144,'2015-06-23 09:35:13'),(124,136,25.00,'2015062300001000730058479460',25.00,1,0,'2015-06-23 15:14:15'),(125,136,25.00,'28',0.00,8,0,'2015-06-23 15:14:45'),(126,2,12.50,'28',412.50,7,136,'2015-06-23 15:14:45'),(127,145,25.00,'2015062500001000530074952919',25.00,1,0,'2015-06-25 14:21:27'),(128,145,25.00,'30',0.00,8,0,'2015-06-25 14:21:41'),(129,2,12.50,'30',425.00,7,145,'2015-06-25 14:21:41'),(130,147,25.00,'2015062800001000050059330693',25.00,1,0,'2015-06-28 10:39:54'),(131,147,25.00,'14',0.00,8,0,'2015-06-28 10:41:08'),(132,2,12.50,'14',437.50,7,147,'2015-06-28 10:41:08'),(133,148,25.00,'2015062800001000880055032944',25.00,1,0,'2015-06-28 13:00:25'),(134,148,25.00,'16',0.00,8,0,'2015-06-28 13:01:07'),(135,2,12.50,'16',450.00,7,148,'2015-06-28 13:01:07'),(136,149,25.00,'2015062900001000540059004035',25.00,1,0,'2015-06-29 00:15:27'),(137,149,25.00,'23',0.00,8,0,'2015-06-29 00:16:42'),(138,2,12.50,'23',462.50,7,149,'2015-06-29 00:16:42'),(139,150,25.00,'2015063000001000090055373936',25.00,1,0,'2015-06-30 06:32:12'),(140,150,25.00,'17',0.00,8,0,'2015-06-30 06:32:51'),(141,2,12.50,'17',475.00,7,150,'2015-06-30 06:32:51'),(142,11,50.00,'13756123774',53.50,2,0,'2015-08-01 14:22:32'),(143,153,25.00,'2015081800001000670059459797',25.00,1,0,'2015-08-18 04:45:57'),(144,153,25.00,'30',0.00,8,0,'2015-08-18 04:46:48'),(145,2,12.50,'30',487.50,7,153,'2015-08-18 04:46:48'),(146,153,25.00,'2015081800001000670059461521',25.00,1,0,'2015-08-18 05:13:40'),(147,153,25.00,'22',0.00,8,0,'2015-08-18 05:14:06'),(148,2,12.50,'22',500.00,7,153,'2015-08-18 05:14:06'),(149,153,20.00,'2015081800001000670059462768',20.00,1,0,'2015-08-18 05:33:37'),(150,153,20.00,'44',0.00,8,0,'2015-08-18 05:34:29'),(151,146,10.00,'44',10.00,7,153,'2015-08-18 05:34:29'),(152,154,75.00,'2015081800001000680059511035',75.00,1,0,'2015-08-18 08:55:09'),(153,154,25.00,'14',50.00,8,0,'2015-08-18 08:56:26'),(154,2,12.50,'14',512.50,7,154,'2015-08-18 08:56:26'),(155,154,25.00,'23',25.00,8,0,'2015-08-18 09:03:14'),(156,2,12.50,'23',525.00,7,154,'2015-08-18 09:03:14'),(157,154,25.00,'20',0.00,8,0,'2015-08-18 09:08:08'),(158,2,12.50,'20',537.50,7,154,'2015-08-18 09:08:08'),(159,155,25.00,'2015081800001000880058980439',25.00,1,0,'2015-08-18 09:24:40'),(160,155,25.00,'28',0.00,8,0,'2015-08-18 09:27:10'),(161,2,12.50,'28',550.00,7,155,'2015-08-18 09:27:10'),(162,157,25.00,'2015081800001000740075937022',25.00,1,0,'2015-08-18 10:08:30'),(163,157,25.00,'29',0.00,8,0,'2015-08-18 10:09:03'),(164,2,12.50,'29',562.50,7,157,'2015-08-18 10:09:03'),(165,154,50.00,'2015081800001000390013390984',50.00,1,0,'2015-08-18 10:18:28'),(166,154,25.00,'22',25.00,8,0,'2015-08-18 10:19:33'),(167,2,12.50,'22',575.00,7,154,'2015-08-18 10:19:33'),(168,154,25.00,'21',0.00,8,0,'2015-08-18 10:21:22'),(169,2,12.50,'21',587.50,7,154,'2015-08-18 10:21:22'),(170,159,25.00,'2015081900001000130059354974',25.00,1,0,'2015-08-19 00:38:17'),(171,159,25.00,'24',0.00,8,0,'2015-08-19 00:39:38'),(172,2,12.50,'24',600.00,7,159,'2015-08-19 00:39:38'),(173,160,25.00,'2015081900001000790063810850',25.00,1,0,'2015-08-19 00:47:51'),(174,160,25.00,'21',0.00,8,0,'2015-08-19 00:48:45'),(175,2,12.50,'21',612.50,7,160,'2015-08-19 00:48:45'),(176,161,50.00,'2015081900001000190061335474',50.00,1,0,'2015-08-19 01:19:59'),(177,161,25.00,'29',25.00,8,0,'2015-08-19 01:20:38'),(178,2,12.50,'29',625.00,7,161,'2015-08-19 01:20:38'),(179,161,25.00,'21',0.00,8,0,'2015-08-19 01:45:07'),(180,2,12.50,'21',637.50,7,161,'2015-08-19 01:45:07'),(181,164,25.00,'2015081900001000050063351818',25.00,1,0,'2015-08-19 03:50:14'),(182,164,25.00,'19',0.00,8,0,'2015-08-19 03:51:43'),(183,2,12.50,'19',650.00,7,164,'2015-08-19 03:51:43'),(184,165,25.00,'2015081900001000440068009911',25.00,1,0,'2015-08-19 05:44:02'),(185,165,25.00,'16',0.00,8,0,'2015-08-19 05:44:20'),(186,2,12.50,'16',662.50,7,165,'2015-08-19 05:44:20'),(187,159,25.00,'2015081900001000790063843968',25.00,1,0,'2015-08-19 07:49:14'),(188,159,25.00,'26',0.00,8,0,'2015-08-19 08:04:12'),(189,2,12.50,'26',675.00,7,159,'2015-08-19 08:04:12'),(190,159,25.00,'2015081900001000130059391461',25.00,1,0,'2015-08-19 09:33:38'),(191,159,25.00,'38',0.00,8,0,'2015-08-19 09:34:20'),(192,11,12.50,'38',66.00,7,159,'2015-08-19 09:34:20'),(193,166,25.00,'2015082000001000830003662517',25.00,1,0,'2015-08-20 03:26:08'),(194,166,25.00,'31',0.00,8,0,'2015-08-20 03:28:56'),(195,2,12.50,'31',687.50,7,166,'2015-08-20 03:28:56'),(196,167,25.00,'2015082000001000240059438759',25.00,1,0,'2015-08-20 05:37:43'),(197,167,25.00,'13',0.00,8,0,'2015-08-20 05:39:37'),(198,2,12.50,'13',700.00,7,167,'2015-08-20 05:39:37'),(199,168,25.00,'2015082100001000060061188594',25.00,1,0,'2015-08-21 06:01:39'),(200,168,25.00,'18',0.00,8,0,'2015-08-21 06:02:13'),(201,2,12.50,'18',712.50,7,168,'2015-08-21 06:02:13'),(202,169,25.00,'2015082200001000510062793709',25.00,1,0,'2015-08-22 01:17:30'),(203,169,25.00,'14',0.00,8,0,'2015-08-22 01:20:17'),(204,2,12.50,'14',725.00,7,169,'2015-08-22 01:20:17'),(205,170,25.00,'2015082200001000700062157933',25.00,1,0,'2015-08-22 02:51:48'),(206,170,25.00,'19',0.00,8,0,'2015-08-22 02:52:13'),(207,2,12.50,'19',737.50,7,170,'2015-08-22 02:52:13'),(208,170,25.00,'2015082200001000700062158424',25.00,1,0,'2015-08-22 02:59:08'),(209,170,25.00,'28',0.00,8,0,'2015-08-22 02:59:38'),(210,2,12.50,'28',750.00,7,170,'2015-08-22 02:59:38'),(211,172,25.00,'2015082300001000700062222323',25.00,1,0,'2015-08-23 03:54:21'),(212,172,25.00,'27',0.00,8,0,'2015-08-23 03:55:21'),(213,2,12.50,'27',762.50,7,172,'2015-08-23 03:55:21'),(214,174,25.00,'2015082400001000170060821491',25.00,1,0,'2015-08-24 02:43:36'),(215,174,25.00,'34',0.00,8,0,'2015-08-24 02:44:51'),(216,2,12.50,'34',775.00,7,174,'2015-08-24 02:44:51'),(217,175,25.00,'2015082400001000100077019915',25.00,1,0,'2015-08-24 08:28:53'),(218,175,25.00,'29',0.00,8,0,'2015-08-24 08:29:16'),(219,2,12.50,'29',787.50,7,175,'2015-08-24 08:29:16'),(220,154,25.00,'2015082900001000680060240116',25.00,1,0,'2015-08-29 02:37:55'),(221,154,25.00,'19',0.00,8,0,'2015-08-29 02:39:01'),(222,2,12.50,'19',800.00,7,154,'2015-08-29 02:39:01'),(223,176,25.00,'2015082900001000880059665349',25.00,1,0,'2015-08-29 06:05:48'),(224,176,25.00,'23',0.00,8,0,'2015-08-29 06:06:41'),(225,2,12.50,'23',812.50,7,176,'2015-08-29 06:06:41'),(226,177,25.00,'2015090100001000260061005952',25.00,1,0,'2015-09-01 04:56:28'),(227,177,25.00,'33',0.00,8,0,'2015-09-01 05:39:46'),(228,2,12.50,'33',825.00,7,177,'2015-09-01 05:39:46'),(229,180,25.00,'2015091400001000790065468534',25.00,1,0,'2015-09-14 01:24:45'),(230,180,25.00,'16',0.00,8,0,'2015-09-14 01:24:58'),(231,2,12.50,'16',837.50,7,180,'2015-09-14 01:24:58'),(232,183,25.00,'2015091700001000300060771567',25.00,1,0,'2015-09-16 16:29:57'),(233,183,25.00,'28',0.00,8,0,'2015-09-16 16:34:31'),(234,2,12.50,'28',850.00,7,183,'2015-09-16 16:34:31'),(235,183,45.00,'2015091700001000300060782292',45.00,1,0,'2015-09-17 03:56:21'),(236,183,25.00,'32',20.00,8,0,'2015-09-17 03:57:15'),(237,2,12.50,'32',862.50,7,183,'2015-09-17 03:57:15'),(238,183,20.00,'48',0.00,8,0,'2015-09-17 03:58:38'),(239,146,10.00,'48',20.00,7,183,'2015-09-17 03:58:38'),(240,183,25.00,'2015091700001000300060782609',25.00,1,0,'2015-09-17 04:02:32'),(241,183,25.00,'11',0.00,8,0,'2015-09-17 04:02:42'),(242,2,12.50,'11',875.00,7,183,'2015-09-17 04:02:42'),(243,184,25.00,'2015092300001000220062464673',25.00,1,0,'2015-09-23 15:31:29'),(244,184,25.00,'38',0.00,8,0,'2015-09-23 15:32:24'),(245,11,12.50,'38',78.50,7,184,'2015-09-23 15:32:24'),(246,185,5.00,'2016032000001000960090081360',5.00,1,0,'2016-03-20 04:49:09'),(247,185,5.00,'10',0.00,6,0,'2016-03-20 04:49:24'),(248,1,2.50,'10',2.50,5,185,'2016-03-20 04:49:24'),(249,185,10.00,'2016032000001000960090083114',10.00,1,0,'2016-03-20 06:06:11'),(250,185,2.50,'14',7.50,6,0,'2016-03-20 06:06:29'),(251,1,1.25,'14',3.75,5,185,'2016-03-20 06:06:29'),(252,185,1.00,'37',6.50,8,0,'2016-03-20 06:57:46'),(253,2,0.50,'37',875.50,7,185,'2016-03-20 06:57:46'),(254,185,5.00,'11',1.50,6,0,'2016-03-20 07:54:48'),(255,1,2.50,'11',6.25,5,185,'2016-03-20 07:54:48'),(256,185,3.50,'2016032000001000960090093215',5.00,1,0,'2016-03-20 13:58:55'),(257,185,5.00,'15',0.00,6,0,'2016-03-20 13:59:14'),(258,1,2.50,'15',8.75,5,185,'2016-03-20 13:59:14'),(259,185,20.00,'2016032100001000960090106379',20.00,1,0,'2016-03-21 06:01:18'),(260,185,20.00,'44',0.00,8,0,'2016-03-21 06:01:35'),(261,146,10.00,'44',30.00,7,185,'2016-03-21 06:01:35'),(262,186,25.00,'2016061300001000100090565197',25.00,1,0,'2016-06-13 05:46:36'),(263,186,25.00,'32',0.00,8,0,'2016-06-13 05:48:08'),(264,2,12.50,'32',888.00,7,186,'2016-06-13 05:48:08'),(265,187,25.00,'2016061300001000790090324580',25.00,1,0,'2016-06-13 10:40:56'),(266,187,25.00,'11',0.00,8,0,'2016-06-13 10:41:45'),(267,2,12.50,'11',900.50,7,187,'2016-06-13 10:41:45'),(268,187,50.00,'2016061300001000290090602952',50.00,1,0,'2016-06-13 11:11:58'),(269,187,25.00,'38',25.00,8,0,'2016-06-13 11:12:47'),(270,11,12.50,'38',91.00,7,187,'2016-06-13 11:12:47'),(271,187,25.00,'27',0.00,8,0,'2016-06-13 11:15:00'),(272,2,12.50,'27',913.00,7,187,'2016-06-13 11:15:00'),(273,187,7.00,'2016061300001000290090602969',7.00,1,0,'2016-06-13 11:18:52'),(274,187,7.00,'42',0.00,8,0,'2016-06-13 11:19:13'),(275,11,3.50,'42',94.50,7,187,'2016-06-13 11:19:13'),(276,188,25.00,'2016061300001000570090474250',25.00,1,0,'2016-06-13 13:18:48'),(277,188,25.00,'38',0.00,8,0,'2016-06-13 13:19:01'),(278,11,12.50,'38',107.00,7,188,'2016-06-13 13:19:01'),(279,189,25.00,'2016061300001000290090603300',25.00,1,0,'2016-06-13 13:22:02'),(280,189,25.00,'30',0.00,8,0,'2016-06-13 13:22:38'),(281,2,12.50,'30',925.50,7,189,'2016-06-13 13:22:38'),(282,190,25.00,'2016061300001000920090960997',25.00,1,0,'2016-06-13 13:32:25'),(283,190,25.00,'23',0.00,8,0,'2016-06-13 13:37:23'),(284,2,12.50,'23',938.00,7,190,'2016-06-13 13:37:23'),(285,194,25.00,'2016061400001000610090120781',25.00,1,0,'2016-06-14 02:29:47'),(286,194,25.00,'24',0.00,8,0,'2016-06-14 02:31:07'),(287,2,12.50,'24',950.50,7,194,'2016-06-14 02:31:07'),(288,195,25.00,'2016061400001000810090690379',25.00,1,0,'2016-06-14 14:04:17'),(289,195,25.00,'20',0.00,8,0,'2016-06-14 14:04:38'),(290,2,12.50,'20',963.00,7,195,'2016-06-14 14:04:38'),(291,196,25.00,'2016061500001000580090918596',25.00,1,0,'2016-06-15 00:36:05'),(292,196,25.00,'14',0.00,8,0,'2016-06-15 00:37:04'),(293,2,12.50,'14',975.50,7,196,'2016-06-15 00:37:04'),(294,197,25.00,'2016061500001000750090602541',25.00,1,0,'2016-06-15 01:38:59'),(295,197,25.00,'19',0.00,8,0,'2016-06-15 01:41:29'),(296,2,12.50,'19',988.00,7,197,'2016-06-15 01:41:30'),(297,197,25.00,'2016061500001000750090602524',25.00,1,0,'2016-06-15 02:09:28'),(298,197,25.00,'32',0.00,8,0,'2016-06-15 02:10:36'),(299,2,12.50,'32',1000.50,7,197,'2016-06-15 02:10:36'),(300,195,25.00,'2016061500001000810090694636',25.00,1,0,'2016-06-15 12:04:45'),(301,198,25.00,'2016061500001000600090587960',25.00,1,0,'2016-06-15 12:53:25'),(302,198,25.00,'28',0.00,8,0,'2016-06-15 12:53:44'),(303,2,12.50,'28',1013.00,7,198,'2016-06-15 12:53:44'),(304,195,25.00,'15',0.00,8,0,'2016-06-16 03:37:37'),(305,2,12.50,'15',1025.50,7,195,'2016-06-16 03:37:37'),(306,199,25.00,'2016061600001000470090086013',25.00,1,0,'2016-06-16 05:18:53'),(307,199,25.00,'33',0.00,8,0,'2016-06-16 05:21:47'),(308,2,12.50,'33',1038.00,7,199,'2016-06-16 05:21:47'),(309,200,20.00,'2016061600001000000091156460',20.00,1,0,'2016-06-16 09:50:21'),(310,200,20.00,'44',0.00,8,0,'2016-06-16 09:50:47'),(311,146,10.00,'44',40.00,7,200,'2016-06-16 09:50:47'),(312,198,25.00,'2016061600001000370090225123',25.00,1,0,'2016-06-16 13:09:45'),(313,198,25.00,'17',0.00,8,0,'2016-06-16 13:10:09'),(314,2,12.50,'17',1050.50,7,198,'2016-06-16 13:10:09'),(315,115,25.00,'2016061600001000250090372256',25.00,1,0,'2016-06-16 14:50:53'),(316,115,25.00,'21',0.00,8,0,'2016-06-16 14:51:11'),(317,2,12.50,'21',1063.00,7,115,'2016-06-16 14:51:11'),(318,146,10.00,'2016061700001000650090258947',50.00,1,0,'2016-06-17 02:01:49'),(319,146,50.00,'15590162580',0.00,2,0,'2016-06-17 16:17:47'),(320,201,25.00,'2016062200001000340090658689',25.00,1,0,'2016-06-22 13:04:01'),(321,201,25.00,'26',0.00,8,0,'2016-06-22 13:05:05'),(322,2,12.50,'26',1075.50,7,201,'2016-06-22 13:05:05'),(323,202,25.00,'2016063000001000970091186502',25.00,1,0,'2016-06-30 02:39:29'),(324,202,25.00,'24',0.00,8,0,'2016-06-30 02:39:51'),(325,2,12.50,'24',1088.00,7,202,'2016-06-30 02:39:51'),(326,203,25.00,'2016063000001000000091274205',25.00,1,0,'2016-06-30 10:40:06'),(327,203,25.00,'12',0.00,8,0,'2016-06-30 10:40:40'),(328,2,12.50,'12',1100.50,7,203,'2016-06-30 10:40:40'),(329,204,25.00,'2016063000001000170091097688',25.00,1,0,'2016-06-30 13:42:27'),(330,204,25.00,'12',0.00,8,0,'2016-06-30 13:43:16'),(331,2,12.50,'12',1113.00,7,204,'2016-06-30 13:43:16'),(332,206,25.00,'2016081500001000750078019178',25.00,1,0,'2016-08-15 02:55:21'),(333,206,25.00,'23',0.00,8,0,'2016-08-15 02:56:01'),(334,2,12.50,'23',1125.50,7,206,'2016-08-15 02:56:01'),(335,207,25.00,'2016081500001000310066273693',25.00,1,0,'2016-08-15 05:00:06'),(336,207,25.00,'33',0.00,8,0,'2016-08-15 05:00:36'),(337,2,12.50,'33',1138.00,7,207,'2016-08-15 05:00:36'),(338,208,25.00,'2016081500001000900077136059',25.00,1,0,'2016-08-15 08:30:55'),(339,208,25.00,'21',0.00,8,0,'2016-08-15 08:31:48'),(340,2,12.50,'21',1150.50,7,208,'2016-08-15 08:31:48'),(341,209,20.00,'2016081600001000590064852043',20.00,1,0,'2016-08-16 03:10:33'),(342,209,20.00,'44',0.00,8,0,'2016-08-16 03:10:54'),(343,146,10.00,'44',10.00,7,209,'2016-08-16 03:10:54'),(344,209,20.00,'2016081600001000300065101193',20.00,1,0,'2016-08-16 03:28:29'),(345,209,20.00,'45',0.00,8,0,'2016-08-16 03:29:12'),(346,134,10.00,'45',10.00,7,209,'2016-08-16 03:29:12'),(347,210,25.00,'2016081600001000050069325496',25.00,1,0,'2016-08-16 04:10:41'),(348,210,25.00,'22',0.00,8,0,'2016-08-16 04:12:09'),(349,2,12.50,'22',1163.00,7,210,'2016-08-16 04:12:09'),(350,211,25.00,'2016081600001000600066587006',25.00,1,0,'2016-08-16 13:11:17'),(351,211,25.00,'16',0.00,8,0,'2016-08-16 13:11:33'),(352,2,12.50,'16',1175.50,7,211,'2016-08-16 13:11:33'),(353,212,25.00,'2016081700001000930013387751',25.00,1,0,'2016-08-17 00:21:42'),(354,212,25.00,'14',0.00,8,0,'2016-08-17 00:22:20'),(355,2,12.50,'14',1188.00,7,212,'2016-08-17 00:22:20'),(356,216,25.00,'2016083100001000010065781709',25.00,1,0,'2016-08-31 09:00:40'),(357,216,25.00,'21',0.00,8,0,'2016-08-31 09:02:12'),(358,2,12.50,'21',1200.50,7,216,'2016-08-31 09:02:12'),(359,217,1.00,'2016090600001000410031536996',1.00,1,0,'2016-09-06 01:18:47'),(360,217,1.00,'40',0.00,8,0,'2016-09-06 01:18:53'),(361,1,0.50,'40',9.25,7,217,'2016-09-06 01:18:53'),(362,219,25.00,'2016092300001000700068693942',25.00,1,0,'2016-09-23 06:07:34'),(363,219,25.00,'18',0.00,8,0,'2016-09-23 06:08:34'),(364,2,12.50,'18',1213.00,7,219,'2016-09-23 06:08:34');
/*!40000 ALTER TABLE `trade` ENABLE KEYS */;
UNLOCK TABLES;

--
-- Table structure for table `tutorial`
--

DROP TABLE IF EXISTS `tutorial`;
/*!40101 SET @saved_cs_client     = @@character_set_client */;
/*!40101 SET character_set_client = utf8 */;
CREATE TABLE `tutorial` (
  `id` int(10) unsigned NOT NULL AUTO_INCREMENT,
  `user_id` int(10) unsigned NOT NULL,
  `category` int(11) NOT NULL DEFAULT '0',
  `heading` varchar(50) NOT NULL,
  `video` varchar(70) NOT NULL,
  `youku_id` varchar(20) NOT NULL DEFAULT '0',
  `summary` varchar(630) NOT NULL,
  `series_id` int(11) unsigned NOT NULL DEFAULT '0',
  `upload_picture1` varchar(70) NOT NULL,
  `upload_picture2` varchar(70) NOT NULL,
  `upload_picture3` varchar(70) NOT NULL,
  `upload_picture4` varchar(70) NOT NULL,
  `upload_picture5` varchar(70) NOT NULL,
  `attachment` varchar(70) NOT NULL,
  `price` decimal(5,2) NOT NULL,
  `date` timestamp NOT NULL DEFAULT CURRENT_TIMESTAMP,
  `pass` int(11) NOT NULL DEFAULT '0',
  `title_picture` varchar(70) NOT NULL,
  PRIMARY KEY (`id`)
) ENGINE=InnoDB AUTO_INCREMENT=36 DEFAULT CHARSET=utf8;
/*!40101 SET character_set_client = @saved_cs_client */;

--
-- Dumping data for table `tutorial`
--

LOCK TABLES `tutorial` WRITE;
/*!40000 ALTER TABLE `tutorial` DISABLE KEYS */;
INSERT INTO `tutorial` VALUES (24,11,13,'在Windows下读写Linux分区','{BD8E851F-DB09-87C6-B013-390D94957063}2014-07-08-13-35-35.mp4','XNzM4MzYwOTY0','Ext2Fsd',4,'','','','','','',0.00,'2014-07-08 05:48:02',1,'{6C4C3073-2F7F-C41C-52FE-5ECE565EB745}2014-07-08-13-35-35.png'),(25,11,13,'在Linux下自动挂载Windows分区','{DE755876-766F-BEC5-7588-A6C007E16B25}2014-07-08-13-50-07.mp4','XNzM4MzYyNDAw','Linux分区管理工具',4,'','','','','','',0.00,'2014-07-08 05:58:10',1,'{5050F10F-87C8-75C1-75E1-3E37D05FA2D3}2014-07-08-13-50-07.jpg'),(26,11,13,'安装Linux系统','{F849075D-DF63-027F-0E7A-EBC28DD38FA7}2014-08-10-13-00-35.mp4','XNzUzODkwNzg0','在已有Windows操作系统的电脑上安装Linux系统',4,'','','','','','',0.00,'2014-08-10 05:17:37',1,'{B43845A5-6652-5BCC-FFC8-7D6BA80527B9}2014-08-10-13-00-35.jpg'),(27,11,13,'Linux初始配置','{8B362F75-77D7-0EE6-C3E2-1ADFEFAC120E}2014-08-13-15-40-11.mp4','XNzU1NDMxMTI4','',4,'','','','','','',0.00,'2014-08-13 07:49:26',1,'{366B9863-B5FC-472B-874C-7F8F4234E120}2014-08-13-15-40-11.png'),(28,70,14,'EXCEL VBA视频教程第一课 VBA介绍','{1E41D75B-E8DC-E64B-6A07-4EEB62C525A7}2014-10-12-20-21-49.mp4','XODAyNDYwNzA0','编程简短精炼的风格，快速入门',5,'','','','','','',0.00,'2014-10-12 12:31:10',1,'{F0819567-6C14-734E-4267-16B423A96271}2014-10-12-20-21-49.jpg'),(29,1,15,'CATIA V5 视频教程-1 序论','{92148E40-FC0B-B0F9-181A-CCBA974BF88F}2015-06-08-10-35-15.MP4','XMTI1NzU3OTI3Mg==','*机械设计*CATIA V5讲述本套教程的教学思路',6,'{2EDC2586-BE92-5E12-1385-7FB051E1293E}2015-06-08-10-35-151.jpg','','','','','',0.00,'2015-06-08 02:47:28',1,'{09F11AA8-EC86-AF00-9969-2E5A414F65E9}2015-06-08-10-35-15.png'),(30,1,15,'CATIA V5 视频教程-2 软件安装和介绍','{765622AF-1EA7-E339-4831-E1C4A1DBCB34}2015-06-08-13-07-42.MP4','XMTI1ODQ1MDMyOA==','CATIA V5 R20 的下载和安装',6,'{28B04E96-9A6F-C025-0C98-6AF814ADF219}2015-06-08-13-07-421.jpg','','','','','{520A3447-35BC-EE98-F885-C07C2BD6B108}2015-06-08-13-07-42.rar',0.00,'2015-06-08 05:19:00',1,'{1C02AAF2-7436-C7B4-161F-1CD4A7004F17}2015-06-08-13-07-42.jpg'),(31,1,15,'CATIA V5 视频教程-3 界面及视图','{77259EF0-F499-304E-DC32-0E4543AB79B6}2015-06-08-13-19-12.MP4','XMTI1OTAwMDM4OA==','介绍CATIA的界面',6,'{54F826C3-E3D6-2F44-9AA7-A6D51365F438}2015-06-08-13-19-121.jpg','','','','','{F4C1D491-CD56-7A1D-5A26-D7BD8236F518}2015-06-08-13-19-12.rar',0.00,'2015-06-08 05:29:13',1,'{5C81874A-D120-EEF4-C553-418E132B8065}2015-06-08-13-19-12.png'),(32,1,15,'CATIA V5 视频教程 -4 草图、渲染','{A9D62CB3-B091-5C1D-D04D-A20195F4B0FE}2015-06-08-13-29-23.MP4','XMTMxMDM0NTYxMg==','介绍草图、讲解渲染',6,'{B5A9789C-1FA3-9C9B-7E16-8B5FE3C8C290}2015-06-08-13-29-231.jpg','','','','','{9FADFA95-3EA9-32A9-2A37-13F63EF8C9E0}2015-06-08-13-29-23.rar',0.00,'2015-06-08 05:43:55',1,'{A9ACE99A-1038-D135-3261-9933537AD4DE}2015-06-08-13-29-23.png'),(33,1,15,'CATIA V5 视频教程-5 草图2','{3453A57F-03C7-4456-2BF5-ABFBA998D19B}2015-06-08-13-44-16.MP4','XMTMxMDQxOTYyNA==','草图第二节',6,'{6183576C-7083-5A7A-FB27-7EF7E5FE29F5}2015-06-08-13-44-161.jpg','','','','','{C40ACC48-F0D9-82BD-A68D-ABC999B4BFBF}2015-06-08-13-44-16.rar',0.00,'2015-06-08 05:52:20',1,'{AA453985-9A0C-69AE-43F7-F697527811C5}2015-06-08-13-44-16.png'),(34,1,15,'CATIA V5 视频教程-6 草图三','{90D800AC-1430-3195-4333-A4830C9413D4}2015-06-08-13-52-30.MP4','XMTMxMDQ1Mjk0OA==','草图第三节',6,'{46C7CB3B-61C9-4836-9C2F-B469E8CED679}2015-06-08-13-52-301.jpg','','','','','{291DE378-F534-B394-FCAC-D4499D8099B2}2015-06-08-13-52-30.rar',0.00,'2015-06-08 05:59:22',1,'{D4294FC3-14F5-9715-4AC7-71EB81BF2D7C}2015-06-08-13-52-30.png'),(35,1,15,'CATIA V5视频教程-7 草图四','{AE2E71F2-E49C-0D2D-DF7C-A82305F0DFF2}2015-06-08-13-59-36.MP4','XMTMxMDkwMTIyOA==','草图最后一节',6,'{7BBA7A98-F4E6-7C06-B81D-9017AC630A9C}2015-06-08-13-59-361.jpg','','','','','{DAFBCDD9-8961-824A-44A4-4C22C6B3B50E}2015-06-08-13-59-36.rar',0.00,'2015-06-08 06:24:31',1,'{0B327714-AD81-EE1D-63FF-76E76B52A0AF}2015-06-08-13-59-36.png');
/*!40000 ALTER TABLE `tutorial` ENABLE KEYS */;
UNLOCK TABLES;

--
-- Table structure for table `tutorial_category0`
--

DROP TABLE IF EXISTS `tutorial_category0`;
/*!40101 SET @saved_cs_client     = @@character_set_client */;
/*!40101 SET character_set_client = utf8 */;
CREATE TABLE `tutorial_category0` (
  `id` int(10) unsigned NOT NULL AUTO_INCREMENT,
  `class0` varchar(15) NOT NULL,
  PRIMARY KEY (`id`)
) ENGINE=InnoDB AUTO_INCREMENT=9 DEFAULT CHARSET=utf8;
/*!40101 SET character_set_client = @saved_cs_client */;

--
-- Dumping data for table `tutorial_category0`
--

LOCK TABLES `tutorial_category0` WRITE;
/*!40000 ALTER TABLE `tutorial_category0` DISABLE KEYS */;
INSERT INTO `tutorial_category0` VALUES (1,'办公软件 Office'),(7,'操作系统'),(8,'机械设计');
/*!40000 ALTER TABLE `tutorial_category0` ENABLE KEYS */;
UNLOCK TABLES;

--
-- Table structure for table `tutorial_category1`
--

DROP TABLE IF EXISTS `tutorial_category1`;
/*!40101 SET @saved_cs_client     = @@character_set_client */;
/*!40101 SET character_set_client = utf8 */;
CREATE TABLE `tutorial_category1` (
  `id` int(10) unsigned NOT NULL AUTO_INCREMENT,
  `class0_id` int(10) unsigned NOT NULL,
  `class1` varchar(30) NOT NULL,
  PRIMARY KEY (`id`)
) ENGINE=InnoDB AUTO_INCREMENT=16 DEFAULT CHARSET=utf8;
/*!40101 SET character_set_client = @saved_cs_client */;

--
-- Dumping data for table `tutorial_category1`
--

LOCK TABLES `tutorial_category1` WRITE;
/*!40000 ALTER TABLE `tutorial_category1` DISABLE KEYS */;
INSERT INTO `tutorial_category1` VALUES (13,7,'Windows&Linux双系统'),(14,1,'EXCEL VBA'),(15,8,'CATIA V5');
/*!40000 ALTER TABLE `tutorial_category1` ENABLE KEYS */;
UNLOCK TABLES;

--
-- Table structure for table `tutorial_series`
--

DROP TABLE IF EXISTS `tutorial_series`;
/*!40101 SET @saved_cs_client     = @@character_set_client */;
/*!40101 SET character_set_client = utf8 */;
CREATE TABLE `tutorial_series` (
  `id` int(10) unsigned NOT NULL AUTO_INCREMENT,
  `series_name` varchar(30) CHARACTER SET utf8 COLLATE utf8_unicode_520_ci NOT NULL,
  `user_id` int(11) NOT NULL,
  `title_picture` varchar(70) COLLATE ucs2_unicode_520_ci NOT NULL,
  `date` timestamp NOT NULL DEFAULT CURRENT_TIMESTAMP,
  PRIMARY KEY (`id`)
) ENGINE=InnoDB AUTO_INCREMENT=7 DEFAULT CHARSET=ucs2 COLLATE=ucs2_unicode_520_ci;
/*!40101 SET character_set_client = @saved_cs_client */;

--
-- Dumping data for table `tutorial_series`
--

LOCK TABLES `tutorial_series` WRITE;
/*!40000 ALTER TABLE `tutorial_series` DISABLE KEYS */;
INSERT INTO `tutorial_series` VALUES (4,'Linux初体验',11,'{00B04A11-FBCA-8D13-E91A-8C358DF8E91E}2014-07-08-13-35-35.jpg','2014-07-08 05:47:54'),(5,'VBA入门级视频教程',70,'{DF7B7CDE-C574-6CFD-93AA-D29C2EE1A052}2014-10-12-20-21-49.jpg','2014-10-12 12:30:55'),(6,'CATIA V5 视频教程',1,'{09518CC3-1566-1996-E009-2D110E89A6D6}2015-06-08-10-35-15.jpg','2015-06-08 02:39:10');
/*!40000 ALTER TABLE `tutorial_series` ENABLE KEYS */;
UNLOCK TABLES;

--
-- Table structure for table `user`
--

DROP TABLE IF EXISTS `user`;
/*!40101 SET @saved_cs_client     = @@character_set_client */;
/*!40101 SET character_set_client = utf8 */;
CREATE TABLE `user` (
  `id` int(10) unsigned NOT NULL AUTO_INCREMENT,
  `phone_number` varchar(15) NOT NULL DEFAULT '0',
  `email` varchar(40) NOT NULL DEFAULT '0',
  `nickname` varchar(12) NOT NULL,
  `password` varchar(40) NOT NULL,
  `money` decimal(8,2) NOT NULL DEFAULT '0.00',
  `logintime` timestamp NOT NULL DEFAULT CURRENT_TIMESTAMP,
  `qq` varchar(15) NOT NULL DEFAULT '0',
  PRIMARY KEY (`id`)
) ENGINE=InnoDB AUTO_INCREMENT=227 DEFAULT CHARSET=utf8;
/*!40101 SET character_set_client = @saved_cs_client */;

--
-- Dumping data for table `user`
--

LOCK TABLES `user` WRITE;
/*!40000 ALTER TABLE `user` DISABLE KEYS */;
INSERT INTO `user` VALUES (1,'18204319640','401048056@qq.com','君临天下','094e723ba4e48d3072c23c2fb70e80c570a7e1af',9.25,'2013-09-18 01:34:53','401048056'),(2,'15584353822','1213885275@qq.com','mission','a5facd9e393c9e500e5dd37870225014e315cff8',1213.00,'2013-10-16 02:54:47','1213885275'),(3,'18614095326','395129940@qq.com','要nb呀','7f3f60bb847e39c6574bb7c5a3fb44c2a5e548ba',1.00,'2013-10-16 06:59:24','395129940'),(4,'0','226497231@163.com','BranT','f76b3caacdfb644a9d91ac26140d38acb7931261',0.00,'2014-04-12 13:19:37','0'),(5,'0','1219951434@qq.com','huge','60d52f04f80caa79bd0b942eebe389c31ad5134a',0.00,'2014-04-14 09:23:43','0'),(6,'0','qwetqwe@qq.com','qwetqwe','47d26537077e0f921cd0c823f31ca0b53efdf945',0.00,'2014-04-15 11:59:21','0'),(7,'0','zhaohang0312@126.com','zhh62','20eabe5d64b0e216796e834f52d61fd0b70332fc',0.00,'2014-04-27 11:54:22','0'),(8,'0','624592295@qq.com','I WANT FLY!','e185f176c41adcd13f0040eb3e73d740098ae36d',0.00,'2014-05-03 14:10:01','0'),(9,'0','602754786@qq.com','伤自尊同学','a333e49436c13efac1338396393f93f468a80cf5',0.00,'2014-05-03 14:13:46','0'),(10,'0','915392487@qq.com','高小雪','871ab8f83dcb4c6bb0175f11e1f4ff67455e4e90',0.00,'2014-05-05 14:48:24','0'),(11,'0','429722609@qq.com','LincolnMKZ','9425b070db567c0d33ca4faa60e8aad24e1dfd9f',107.00,'2014-05-09 15:28:17','0'),(12,'0','18204319640@163.com','割发代首','094e723ba4e48d3072c23c2fb70e80c570a7e1af',0.00,'2014-05-10 02:32:13','0'),(13,'0','749813882@qq.com','黑犬','d19ea0c1285a8106c91ed7f5ec0c35f0dae1b205',0.00,'2014-05-18 10:50:30','0'),(14,'0','18844197383@163.com','karTL','bcffb17c32c5b770d2481129ec250868a4628095',0.00,'2014-05-18 12:26:27','0'),(15,'0','xiruifeng1@163.com','reffung','7c4a8d09ca3762af61e59520943dc26494f8941b',0.00,'2014-06-12 07:40:47','0'),(16,'0','1429125114@qq.com','赛力散棵','b72de3d5971b4f5e50bac95def705dda05b0abb2',0.00,'2014-06-26 15:23:53','0'),(17,'0','whoilove1314@foxmail.com','花落无声','0848fa88bc06128dc564abe89abb8c80820b3983',0.00,'2014-07-09 14:29:31','0'),(18,'0','crystal_211513@sina.com','bibibi445','165ba912cefa3438f5f2d6fb4ca0095f05b51d3d',0.00,'2014-08-18 14:13:00','0'),(19,'0','1042333130@qq.com','ly','264ff6fa8caf01b4bd35ed412b5998a07a370234',0.00,'2014-08-18 14:17:57','0'),(20,'0','630505371@qq.com','Hogan','ddcb52bf958074d1ff33acf63d670222152971dc',0.00,'2014-08-18 14:29:20','0'),(21,'0','614568992@qq.com','彳亍','700eaebafc62cc927c2a2200bb170bcb7d2c7dbb',0.00,'2014-08-18 14:56:42','0'),(22,'0','1046845192@qq.com','wjxzy','d08fd7724f7230cd86cf58a2b818446171c8666b',0.00,'2014-08-18 15:06:56','0'),(23,'0','2235547542@qq.com','过来收怪','9a2476c2ad4cddf3a7176936531679ef6138dc5a',0.00,'2014-08-18 15:13:04','0'),(24,'0','yangxinyi1992@126.com','connie','e83d4091eb10cd055430b3b76212deb90d1ae02f',0.00,'2014-08-18 16:33:04','0'),(25,'0','kevin458@126.com','不知道在哪','4836fb3b3aa0f9c82cd79339a47eeb99d9ddb109',0.00,'2014-08-18 23:09:45','0'),(26,'0','1484980519@qq.com','笑笑','a06d7dfc0cbae840210d37fcefe1c5cd7a625b71',0.00,'2014-08-18 23:12:32','0'),(27,'0','1771363685@qq.com','小车同学','f1dc2495218291880d612adbbdc3647de286596c',0.00,'2014-08-18 23:13:55','0'),(28,'0','346203944@qq.com','xiazixiang','39ddc546537568bb788ccbe766a094b308b4a737',0.00,'2014-08-18 23:49:59','0'),(29,'0','veracc@163.com','mubaiparty','4a1a6a1eddd4f1200c7a69dc4a40c602d1d026c6',0.00,'2014-08-19 00:12:06','0'),(30,'0','535241533@qq.com','qwe123','e0ad1156a8de997c18dd27d85253a963433d8cec',0.00,'2014-08-19 01:01:29','0'),(31,'0','503359655@qq.com','Ferrari','648cec158e7e4e9cb2968ba5d7b202b14d2fe648',0.00,'2014-08-19 03:37:26','0'),(32,'0','1441911700@qq.com','phy1993','3f3ab807ff7e04c6a9c9369f5c5e9e1d4c940f85',0.00,'2014-08-19 05:33:02','0'),(33,'0','1169749300@qq.com','不愿远扬','5d0788c28eae90567a1afe2732c09551adfa4d5e',5.00,'2014-08-19 05:41:29','0'),(34,'0','2410747648@qq.com','163小船','00897338fea56ac5ea81208b42fab8f6fd3afa60',0.00,'2014-08-19 06:04:34','0'),(35,'0','752607681@qq.com','TOMATOTELLME','b507c66d3085fcb44345f320ccc723090a4f9f36',0.00,'2014-08-19 06:21:20','0'),(36,'0','zhqi2014@163.com','走哪到哪','bd1d3450652ecb7180e28b9cae5e83a69c8c2489',0.00,'2014-08-19 06:40:24','0'),(37,'0','527837896@qq.com','heass','cf6b74756be98b369baf318e212cf939c27f5d11',0.00,'2014-08-19 08:57:47','0'),(38,'0','zhuchjian@yeah.net','闷骚的少年','8ecea917b007df24480462717376f8a9b0241c7a',0.00,'2014-08-19 10:53:53','0'),(39,'0','601891090@qq.com','gaoxiaoy0','0898b129a0d5e8717279e54c4190764b23273cca',0.00,'2014-08-19 13:08:08','0'),(40,'0','969433434@qq.com','dauseman','b04b07f50f08ffe63926ca2348dea149a2fae019',0.00,'2014-08-19 13:44:48','0'),(41,'0','598097322@qq.com','一棵树','aa627622ecef909818356f0aa0d9777183982e8e',0.00,'2014-08-19 14:34:53','0'),(42,'0','1126850902@qq.com','11223344','8b00dc35890941c2e4f4cd5a749f242c68582936',0.00,'2014-08-20 13:09:21','0'),(43,'0','453173187@qq.com','墨染','92de7f9c02312f8a6c7d30c53d44fe90d0572389',0.00,'2014-08-21 04:56:55','0'),(44,'0','1623295986@qq.com','虚帆','b3f639aa35c3439191bd002bff0e2c3fa243f934',0.00,'2014-08-21 15:04:32','0'),(45,'0','572718321@qq.com','宇哥哥','ec5b7159f9ba8b42f32ce1b77fe7550b73bbca86',0.00,'2014-08-21 15:06:31','0'),(46,'0','735997156@qq.com','3-5','0475eccf9b63cdac49c6bad0ae661936b373478a',0.00,'2014-08-21 15:42:24','0'),(47,'0','652437669@qq.com','jfw','938fa9fdcf0994b0d086deb1cee85ba1757ec01e',0.00,'2014-08-21 22:44:52','0'),(48,'0','281329584@qq.com','张岩','6ba87b1e4d81f4a4a87275a396b5f14fec3b7991',0.00,'2014-08-22 09:37:28','0'),(49,'0','1768846684@qq.com','小旭','315de761ef69a59a9a216f09b898cb75d93474eb',0.00,'2014-08-22 11:38:59','0'),(50,'0','593495794@qq.com','wocao','a605805e97bdb517035d9b85c54a679896084b71',0.00,'2014-08-23 02:18:58','0'),(51,'0','2458820082@qq.com','醉清欢','e5868fd692470065f49e5630bed8680b9362bf85',0.00,'2014-08-23 02:20:45','0'),(52,'0','455099259@qq.com','cailaji','6b329b2f872a918a1319beb5843e3766cbbcc0e5',0.00,'2014-08-23 14:59:07','0'),(53,'0','13596083757@163.com','lila','5195d67e159dd98d596256ddf9b131fba473647e',0.00,'2014-08-24 00:16:06','0'),(54,'0','18204315643@163.com','biubiu','32c8f637dec88cba217039af1c0f935c72138580',0.00,'2014-08-24 08:44:35','0'),(55,'0','ljy_lucy@163.com','0987','c3c19f6f437019a6da26caaca0ace72a043ed2d0',0.00,'2014-08-24 13:02:18','0'),(56,'0','342361074@qq.com','bkslcy','bfff2dd4f1b310eb0dbf593bd83f94dd8d34077e',0.00,'2014-08-24 13:22:10','0'),(57,'0','1411231689@qq.com','单单一个人','621098b4d3789978814d0a4d63e9a0568296ebd4',0.00,'2014-08-24 15:03:29','0'),(58,'0','2521608049@qq.com','2521608049','61f2f66b0f6cb56b57b46d85f18f08d5893c40b6',0.00,'2014-08-25 00:10:39','0'),(59,'0','478908895@qq.com','泊客','a5de465251bcb5095ccc8d88e252f44105e6242a',0.00,'2014-08-25 04:43:08','0'),(60,'0','1428306927@qq.com','cs','cfdea12e0647c4d3eec9f6e6e5f85abe641246ca',0.00,'2014-08-26 06:55:30','0'),(61,'0','1820431her@sina.cn','nancyher','38040e60ecd35b9cc2469e96a6962c65776a2010',0.00,'2014-08-26 11:15:14','0'),(62,'0','836826840@qq.com','saber','00d15b5dc07a52b60b9efafccd15e20900519683',0.00,'2014-08-26 12:52:38','0'),(63,'0','1184333946@qq.com','初相遇','b09dbe9be1be81f76c20b0de584a38603473e120',0.00,'2014-08-27 00:18:46','0'),(64,'0','qiutianyudeyuxiang@163.com','孤狼飞宇','a7934c80ddbbcc430269c406bb62fd034b33a538',0.00,'2014-08-28 12:12:49','0'),(65,'0','1428195862@qq.com','522401lqj','8decac58171adafe52afd8f962bed70e55a5fdcc',0.00,'2014-08-31 07:30:49','0'),(66,'0','masenyou@qq.com','空余一座城','76671cbc97b1bd05a9f55817fd4d4f50732b55a2',0.00,'2014-09-02 02:15:32','0'),(67,'0','1747868455@qq.com','-118-','707532e6308581abf7fcb693396cde3e2474a69d',0.00,'2014-09-02 13:42:31','0'),(68,'0','814008930@qq.com','小毛1992','4b0e2e7e66a6b4c828b46e22ba0d9ae493435f5b',0.00,'2014-09-03 11:56:51','0'),(69,'0','524968859@qq.com','ab234234','d24c9bfe3590b17ad68a433e4cf1d8fcefebeb64',0.00,'2014-09-06 07:40:56','0'),(70,'0','jshalxc@163.com','Debug','7cf5abb93fdb97ded55cbec141115b7880dd301c',0.00,'2014-09-08 14:15:59','0'),(71,'0','434947785@qq.com','superbin55','1acd4e3fa38dd5785b033bd2b38c84da034d93a2',0.00,'2014-09-11 05:37:55','0'),(72,'0','314838553@qq.com','1111','4fb65503f8a19bd25f75d183ea730defc1e5191c',0.00,'2014-09-11 05:51:24','0'),(73,'0','768909806@qq.com','晓枫残月','da2713d6b2524053d9c975ba13b01f7b75546729',0.00,'2014-09-11 07:10:39','0'),(74,'0','15843172068@163.com','滚蛋','01b307acba4f54f55aafc33bb06bbbf6ca803e9a',0.00,'2014-09-23 02:24:04','0'),(75,'0','13044317062@163.com','张少伟','5dd9a5a1108297831624e4b35578870ec58b1e29',0.00,'2014-09-23 08:16:36','0'),(76,'0','719816753@qq.com','ErosGuo','6eef663f093de13d3dc45f904fd841ea4ebeeb23',0.00,'2014-09-24 04:22:17','0'),(77,'0','2427895837@qq.com','Severus','dfddecd3980e0f503fc940166373914d72f98945',0.00,'2014-09-24 08:02:18','0'),(78,'0','717990230@QQ.COM','光北','799e9e25af1f2e7a7fd80843356fc4038cfef03a',0.00,'2014-09-24 08:07:52','0'),(79,'0','zz582165656@163.com','优雅的孤独','26ea49524298e51ae58c6293fed5ff0a36cfde56',0.00,'2014-09-24 08:43:11','0'),(80,'0','1032938705@qq.com','啦啦啦啦啦','46d7491f7cf03977d5040023230a9c0116bd91dc',0.00,'2014-09-24 12:07:31','0'),(81,'0','372129534@qq.com','ping7264225','b927dcb4cfa28d9bd762846be2bc5dd149ee4d79',0.00,'2014-09-25 05:42:29','0'),(82,'0','2277131097@qq.com','猫猫','6320cb75b50f739fb6a7248d3a22cc5b04a15549',0.00,'2014-09-25 07:13:12','0'),(83,'0','736604086@qq.com','Natsume','57d5887e5504a18a5c4add62452429a8c6dd3309',0.00,'2014-09-25 07:30:47','0'),(84,'0','1354505704@qq.com','小熊','1605c96a83f58848aadeebb3e5c17ef81619687d',0.00,'2014-09-25 10:10:50','0'),(85,'0','764498534@qq.com','向日葵的天','9fa0fc51d2249921415e73442ed858004cbedf18',0.00,'2014-09-25 10:27:57','0'),(86,'0','yuer2789@sina.com','haoyue2789','ea9682f897d869b62c85083eef715b7793c40dc2',0.00,'2014-09-25 11:03:55','0'),(87,'0','1260123607@qq.com','明明','2c597c7b7139638500a587db012ff74959d38c98',0.00,'2014-10-03 04:27:19','0'),(88,'0','837003226@qq.com','郑剑宝','ca1ba360938b26abbcf53caa218994ff8d165fb2',0.00,'2014-10-08 12:08:56','0'),(89,'0','13894839010@163.com','课设','3b83b9d8b5b8633dd2a46237e1d5608287515eca',0.00,'2015-06-08 04:02:03','0'),(90,'0','wbh3471@sina.cn','栀子花语','2c057c0d6955594e1e51e3513bb7d242cf9f2fa9',0.00,'2015-06-08 04:13:11','0'),(91,'0','892784530@qq.com','0.0','3440ea59310cc2bd4619df576b17012001c818b2',0.00,'2015-06-08 05:43:33','0'),(92,'0','liu377777@126.com','qwert','8909c9ab4d717b93e00a34afc5fbbca8f7f99058',0.00,'2015-06-08 09:06:52','0'),(93,'0','874390962@qq.com','debbie0618','49ece383cf3b2eb90e9be7372e4b35581b3a80f5',0.00,'2015-06-08 09:29:44','0'),(94,'0','1324151288@qq.com','shift','cdbc022e5ee0b04e8ed6e9becdcd4b675d0a5b19',0.00,'2015-06-08 10:22:36','0'),(95,'0','342129719@qq.com','666','7f9ee603746d17478de382dcabd10ab93884c4c4',0.00,'2015-06-08 13:23:19','0'),(96,'0','517195931@qq.com','guocheng000','f58feb1d65e6918d1c17c0210e48c82706bf9474',0.00,'2015-06-08 13:25:10','0'),(97,'0','1937199422@qq.com','Will','18bea34bbf4fd3517357614f74c0d9eade14b628',0.00,'2015-06-08 13:31:35','0'),(98,'0','gluxyao@vip.sina.com','wowboy3','bcbb42893e6c7423513a472e1c7d61ef4940b391',0.00,'2015-06-08 13:33:10','0'),(99,'0','544102249@qq.com','长弓OO7','e0e4258cf3660dc2ec1ef1c1e05768fcfe20155e',0.00,'2015-06-08 13:46:10','0'),(100,'0','806944844@qq.com','台风','fea85ac89101423a399eb6886b7502ccc06b26be',0.00,'2015-06-08 14:36:43','0'),(101,'0','630884550@qq.com','peach','e7e72676bbed275455a7cce632389e3a567c3d4a',0.00,'2015-06-08 14:48:10','0'),(102,'0','565864175@qq.com','w4112','4766593180aa01306720498b1e4f7a455b546796',0.00,'2015-06-08 14:53:09','0'),(103,'0','327966290@qq.com','qwe4080380','39b7af05f042de010b6f50c45ec981326395b831',0.00,'2015-06-08 14:53:53','0'),(104,'0','a654495163@qq.com','XXX','39c45249173ef6f03ea041b26139c05f937aaba2',0.00,'2015-06-08 15:02:13','0'),(105,'0','15643722443@163.com','张正朔','fd8e9cd519c13bed7763f8e9190a951d4d585e99',0.00,'2015-06-08 15:07:38','0'),(106,'0','1942637422@qq.com','勇气','6c52f952ad0bb4e246ae0acae45be47c6075c2e1',0.00,'2015-06-08 23:29:27','0'),(107,'0','694525424@qq.com','啦啦','609f1068a03a5cd5bffb9ff0b4e860556604d983',0.00,'2015-06-08 23:47:30','0'),(108,'0','736703557@qq.com','Espressoer','4afb564d696d860529066b52ef142329701ce545',0.00,'2015-06-09 01:20:56','0'),(109,'0','928136536@qq.com','不想起昵称','5c0ddbed28f8e6c2850a8cb4e7f8153df4f29d6f',0.00,'2015-06-09 03:26:28','0'),(110,'0','376956519@qq.com','alexfu','2a1a5465a0dcaaf0ba254c85c478723f964f2188',0.00,'2015-06-09 04:08:49','0'),(111,'0','1027855443@qq.com','KJK','dacff4f7420487f9052723dbe79ff125e0812158',0.00,'2015-06-09 05:02:25','0'),(112,'0','365385019@qq.com','牧','dc8ebd59625710072032e8ff44b3c911bef5432d',0.00,'2015-06-09 08:19:57','0'),(113,'0','1114394219@qq.com','haha','5f8c657f57e059c5898df1574fcfc67c7debc1d9',0.00,'2015-06-09 15:08:09','0'),(114,'0','2567402589@qq.com','哈哈哈','573aef7fb0a7dd705d123bd0e34a59f9b7e22e2a',0.00,'2015-06-09 15:52:52','0'),(115,'0','1135464421@qq.com','王彦博','9acd1ab51a694bb45e231a79b8fc13e3a005dc3a',0.00,'2015-06-09 23:21:21','0'),(116,'0','1106589850@qq.com','资料君','b80a9aed8af17118e51d4d0c2d7872ae26e2109e',0.00,'2015-06-10 15:25:40','0'),(117,'0','daker1@163.com','loopertian','533daeec367278ffa503dae35344370fdee45d91',0.00,'2015-06-12 00:02:45','0'),(118,'0','798940208@qq.com','范帅','c1493e98bbe550a5a7ff6556b6ea1a40a9e2cce2',0.00,'2015-06-14 10:53:07','0'),(119,'0','948839291@qq.com','衡行让道','80678b2462a1b1873866a1a14ffa1fe321e1da94',0.00,'2015-06-15 00:16:11','0'),(120,'0','541757900@qq.com','好的好','09048afe3b3d881b0ea94f6248c2e311c404f3de',0.00,'2015-06-15 02:33:24','0'),(121,'0','1069090706@qq.com','hahahaha','7c4a8d09ca3762af61e59520943dc26494f8941b',0.00,'2015-06-15 03:26:00','0'),(122,'0','1535295236@qq.com','123','1d74d7dc6c273932b0b1b4af384f26f0b9e12254',0.00,'2015-06-15 04:41:07','0'),(123,'0','1365209983@qq.com','西方失败','bb775a08d1f3deba5a3ca7d8d6a6111ced2f954e',0.00,'2015-06-15 04:58:58','0'),(124,'0','2274791639@qq.com','郑大伟','bf76823e4e0b92da1c936c9e17ad572d21701306',0.00,'2015-06-15 05:55:19','0'),(125,'0','370617858@qq.com','兰登','5ad3599bb29b7ad9e65946b2efeca95a242be582',0.00,'2015-06-15 14:04:45','0'),(126,'0','877050934@qq.com','877050934','a4ac212d19730c9154e0089f9beb96798494054d',0.00,'2015-06-16 05:15:53','0'),(127,'0','2049653413@qq.com','Matz','54d36f361334ec3d2269f9a0b9b17586d15b6c8a',0.00,'2015-06-17 00:32:14','0'),(128,'0','1767523417@qq.com','cy','cfb0fe2c8e54a5f31267f69fa4e375e2f1f3546b',0.00,'2015-06-17 02:41:40','0'),(129,'0','724592066@qq.com','翎羽洛川','e1d8eb6801ac7afd294ebe873091945b0d35cd98',0.00,'2015-06-17 10:54:23','0'),(130,'0','421362763@qq.com','王显洋','1d540a323689d2f187f55897a2cd488644327cb5',0.00,'2015-06-18 02:33:37','0'),(131,'0','987079291@qq.com','LK','be9d6221d914092de4b0ff6478d581c84507c5e8',0.00,'2015-06-18 03:12:15','0'),(132,'0','1114908696@qq.com','啦啦啦啦','f7c3bc1d808e04732adf679965ccc34ca7ae3441',0.00,'2015-06-18 03:34:24','0'),(133,'0','664135400@qq.com','小东北','0cb66a735d2c6849fcccebd6a628cd84028f452d',0.00,'2015-06-18 07:15:15','0'),(134,'0','923136839@qq.com','宗宗','9e07a007a81a903eaef52bd70cba421d0565e62a',10.00,'2015-06-19 09:15:04','0'),(135,'0','2428147248@qq.com','kszn','5ad3599bb29b7ad9e65946b2efeca95a242be582',0.00,'2015-06-20 06:38:41','0'),(136,'0','942611083@qq.com','牙齿','7c4a8d09ca3762af61e59520943dc26494f8941b',0.00,'2015-06-20 09:38:06','0'),(137,'0','15044188138@163.com','星星','23fa5e9d86d25882352510b81a61966d025ea4b6',0.00,'2015-06-20 10:14:45','0'),(138,'0','2292806359@qq.com','no.seven','59d8559d4cb77231962e87f9682d97ccf68f78a5',0.00,'2015-06-22 02:00:06','0'),(139,'0','fengzhishanglei@qq.com','苏苏苏','04a3691c4c59785d731d251ff2c9747f914d71d2',0.00,'2015-06-22 02:12:31','0'),(140,'0','906969350@qq.com','nubility','4c1ab9558a388d8a81606577905f908ef6915d3f',0.00,'2015-06-22 04:19:23','0'),(141,'0','1736690574@qq.com','hehehe123','085eac7690dba5d266658c0a596294c9bdb09687',0.00,'2015-06-22 10:07:05','0'),(142,'0','1198495679@qq.com','yinqi','f2bffd21414933e11e51e3ffd02ef5c70d9dc541',0.00,'2015-06-22 14:36:03','0'),(143,'0','791866237@qq.com','加减乘除','61451160ab9d6751c4434175c041fe67b2ce439a',0.00,'2015-06-23 03:08:03','0'),(144,'0','990648573@qq.com','猴儿急么','503199640876ac8ee894d0a7040ff8049f1c759d',0.00,'2015-06-23 09:18:50','0'),(145,'0','427779978@qq.com','loving','9ad90aaf51d8f4ce0d3ecaf62ff2605fed303bef',0.00,'2015-06-25 14:20:47','0'),(146,'0','994075867@qq.com','taonanwsz','35b53d5e4c1196b9aefc49e80b075e12fc3e1a27',10.00,'2015-06-26 14:04:57','0'),(147,'0','1262236168@qq.com','中国人','ba3da472cb1a59f523b87f74c4e42c860c2aa5d0',0.00,'2015-06-28 10:32:14','0'),(148,'0','1817996851@qq.com','波','7eb440c4987574077cf1ffb12471e3969797a850',0.00,'2015-06-28 12:31:52','0'),(149,'0','1072408606@qq.com','ly1072408606','0295a2a8789f32d0a1bc85c48f41ffc78fbbe298',0.00,'2015-06-29 00:09:40','0'),(150,'0','1838191634@qq.com','SoloReighy','95abf347f1e96cd5e341f17e97941b7cdcb81b6a',0.00,'2015-06-30 06:10:41','0'),(151,'0','1292479876@qq.com','smkjf','dca1ef68055ca808c316caf0f4cc3b7ca82a0cbe',0.00,'2015-06-30 14:18:11','0'),(152,'0','804861075@qq.com','ding','819d019f6a82a09db0b1b13c978b15c29f84775f',0.00,'2015-07-01 03:55:36','0'),(153,'0','530264036@qq.com','欧阳盆栽','b1602947668a5dab77f5d9e829257bc935c048c8',0.00,'2015-08-18 04:42:05','0'),(154,'0','1322723253@qq.com','丁俊晖','e89efbad82d976a48f10f033f2eb8bee999d8759',0.00,'2015-08-18 08:47:13','0'),(155,'0','lzhe1994@gmail.com','lzhe1994','f33cdb99e3d0067b8cbc798b3fa21ef7bb44500e',0.00,'2015-08-18 09:21:12','0'),(156,'0','809664733@qq.com','celestial','b76514e38334a63f166144daa0faa7fad815e0b4',0.00,'2015-08-18 09:58:20','0'),(157,'0','leoberg@163.com','FiZz_Han','36e459f224e9e72580f55024e04b306df59cb690',0.00,'2015-08-18 10:06:06','0'),(158,'0','460724956@qq.com','学霸','6513388dc97751a336937b15dbf2d9157151f061',0.00,'2015-08-18 10:53:06','0'),(159,'0','kylehqy@sina.com','峰林1994','3dd009110acc0a4d1284e7611cc804b56623e612',0.00,'2015-08-19 00:33:44','0'),(160,'0','704103780@qq.com','Liar','128e75a6fed749774a2a45ae512288d40cd074d3',0.00,'2015-08-19 00:34:13','0'),(161,'0','939859276@qq.com','majic','87be9375c59b9c714d29e9749d3f6adc9ea62783',0.00,'2015-08-19 01:16:52','0'),(162,'0','841619704@qq.com','莫回丶头','c9c05a6883e11dc4c01e785a7a286eb2f4201a4b',0.00,'2015-08-19 02:16:46','0'),(163,'0','458423048@qq.com','novac','3bf4f40a542c3d494b9e120c2a3e28534e69ac4c',0.00,'2015-08-19 02:56:32','0'),(164,'0','771695713@qq.com','奥力儿','b124da25508904283cb7677ad25b808f1c98a6d0',0.00,'2015-08-19 03:44:42','0'),(165,'0','2020327752@qq.com','燊大星','d8fe5597d6e1fb26ca3a1c583beb5148424b83fe',0.00,'2015-08-19 05:38:41','0'),(166,'0','miccheck@163.com','miccheck','ea149cd356b6a46e84826333dc445d8d040c30ec',0.00,'2015-08-20 03:19:29','0'),(167,'0','jcy921114@163.com','吼吼','22e49b2222a04eb7f0b09995f8af6990fc60b1a1',0.00,'2015-08-20 05:33:05','0'),(168,'0','280930920@qq.com','樱桃小丸子','e282ca808b8395bcad2fe943445b467d9f7c2c39',0.00,'2015-08-21 05:59:25','0'),(169,'0','2568160003@qq.com','小逗比','436dc17acb886ea636cc06ccad00d96c95eb68c9',0.00,'2015-08-22 01:08:17','0'),(170,'0','329828734@qq.com','zgy666','f5b1f0b558fa70df2e6a58b049cd3c3008bfc27f',0.00,'2015-08-22 01:23:37','0'),(171,'0','872368622@qq.com','sjl1013','f4a434edb2c4914cd3d4e0336343db0401d67156',0.00,'2015-08-22 11:32:18','0'),(172,'0','1136064213@qq.com','sjl1013ss','0995aeecb6dd032e2bf03f4ff82a07c257fc6c13',0.00,'2015-08-22 11:45:07','0'),(173,'0','1945075112@qq.com','WOZAIDENGDAI','e11c8f52eef6a4f51c4a403c9fbe86cf8a8a557a',0.00,'2015-08-23 04:05:36','0'),(174,'0','798409786@qq.com','youck','82e19fa12aab7cfc718a002fc82c0f074bf070e7',0.00,'2015-08-24 02:36:23','0'),(175,'0','956818484@qq.com','袁飞asma','2606f73d326840aa5dbc1d11354bc4df09b24dfd',0.00,'2015-08-24 08:14:48','0'),(176,'0','745805616@qq.com','笨小孩','c2aac297c60f4883933271bddeb5ff0351c03946',0.00,'2015-08-29 06:04:42','0'),(177,'0','2861914231@qq.com','吉大哥','ff5b6a2f420898dae151240dc2f302da9b17319d',0.00,'2015-08-31 19:26:36','0'),(178,'0','948425409@qq.com','aaa','64ea0dc7dadd49a337f1ef14815bd3f428141c7d',0.00,'2015-09-07 09:25:54','0'),(179,'0','325662759@qq.com','景雪卿葵萱','96abebf4b15a3a6462b66107bcee8143c2f1198e',0.00,'2015-09-10 12:29:14','0'),(180,'0','wacngdzm@163.com','ScorpionX123','b84a204941897c00ff46adaa93e4d7cb378680c3',0.00,'2015-09-14 01:16:11','0'),(181,'0','364007992@qq.com','小碗','af98d8f6bdb9b5cd858acd502803e0efd907c43f',0.00,'2015-09-14 04:51:40','0'),(182,'0','minhan_cool@yeah.net','幻彩精灵55','e71bb22924bc6474142966c57930a3f8281c0b09',0.00,'2015-09-15 01:49:41','0'),(183,'0','1345866093@qq.com','kester','e996766523ac5c3758e4d9821a2f590693390f3a',0.00,'2015-09-16 16:15:30','0'),(184,'0','771811631@qq.com','123412341234','b2410ade1e987918c20af5571a5af5ca26d15740',0.00,'2015-09-23 15:16:33','0'),(185,'0','2521567922@qq.com','fally','7C4A8D09CA3762AF61E59520943DC26494F8941B',0.00,'2016-03-20 04:05:40','0'),(186,'0','wajml@qq.com','玛丽耶尔','4b4e739494285f1e21c93ad201f6412ddd44644a',0.00,'2016-06-13 05:43:09','0'),(187,'0','835897057@qq.com','小哥哥呀','85d9e7e0554b1f2d35c9f4920599c712049adab3',0.00,'2016-06-13 10:29:39','0'),(188,'0','2716767224@qq.com','Wand','9d336b5ee5f243c9c8eff78362686bddea2554c9',0.00,'2016-06-13 13:16:55','0'),(189,'0','326677749@qq.com','CDpao','d1936b02ea42416911bbbadf613475914fdcba40',0.00,'2016-06-13 13:20:48','0'),(190,'0','1014417610@qq.com','9559','ef7dba934776d081610676929b1dad17e83abc0c',0.00,'2016-06-13 13:31:08','0'),(191,'0','963787559@qq.com','迷','a7e9d9e6ee21a3499d1c3f0866ffe6243d742a64',0.00,'2016-06-13 13:36:59','0'),(192,'0','1138870281@qq.com','fengluo','995d6fb034f1a06d5349b9bf7a046e4d310cffcf',0.00,'2016-06-13 14:49:56','0'),(193,'0','1601921517@qq.com','lyyxqj','cc87fc6e4bc1f7c4e7a5c886c60784094291ea05',0.00,'2016-06-13 15:03:41','0'),(194,'0','1319546077@qq.com','zzq','475fb086dfc7a9fcb6964deec2bf0e126a7acb2e',0.00,'2016-06-14 02:28:54','0'),(195,'0','932218529@qq.com','kilmer','9539d8e5f4a86b706ebef060cfbbe65639344fb2',0.00,'2016-06-14 13:54:59','0'),(196,'0','644865520@qq.com','宇忆','e59be76fbc91691b079a15cab320aac135878051',0.00,'2016-06-15 00:34:37','0'),(197,'0','1042008288@qq.com','bcfjmxs','4681c1f66fb09507469eb4d42fb75856d402e76e',0.00,'2016-06-15 01:33:57','0'),(198,'0','1715977332@qq.com','Shysky','2e6774d16c22de2ed1c34e737fccdccc3c4e9087',0.00,'2016-06-15 12:47:55','0'),(199,'0','635641112@qq.com','圆圈','c94337b9b7bf6d610700c4fd3c518d2ce06fb56a',0.00,'2016-06-16 05:16:01','0'),(200,'0','125330390@qq.com','阿噗','f2bfd35eaf31d9f1221da1cf93f1fc4e372a3e5c',0.00,'2016-06-16 09:42:26','0'),(201,'0','13756839033@163.com','aaaaa123','fa5adebac1260621e471c95e385b4b4f7a2c89c4',0.00,'2016-06-22 13:00:51','0'),(202,'0','872666166@qq.com','咸鱼','359d7e7ed00a09b22eeb3f25e52f6e5abff4efec',0.00,'2016-06-30 02:38:07','0'),(203,'0','553211366@qq.com','亮亮去哪儿','04c8bab418dfcdaab6b11bc0000f5b01ab366723',0.00,'2016-06-30 10:38:47','0'),(204,'0','717243566@qq.com','zxrpl','d7ed0d5af40d371c6d443279935deaa9320e61b7',0.00,'2016-06-30 13:41:01','0'),(205,'0','tsw126@sina.com','苯甲酸','b783427b29caae21830cd27d77116aab79b7586b',0.00,'2016-07-06 23:13:49','0'),(206,'0','740244671@qq.com','a4232707','819bd4ada66c867177990d96081fb4c04aae30d9',0.00,'2016-08-15 02:50:39','0'),(207,'0','591789552@qq.com','ssd','701d16535dd07bf0ece72f42d07a94c5ddc44d1b',0.00,'2016-08-15 03:03:52','0'),(208,'0','871514974@qq.com','小小D','84f6f204f58d0f294341ae12b10b18c22b6e17d1',0.00,'2016-08-15 08:26:51','0'),(209,'0','358537617@qq.com','wp78520515','1381898326ef0fd710a9f1f5cef3d6dd20c91b51',0.00,'2016-08-16 03:09:05','0'),(210,'0','1105705911@qq.com','123456','44f98eaead021bb39e875bf7ae51a1b715e11be2',0.00,'2016-08-16 04:09:07','0'),(211,'0','598544460@qq.com','石浩男1513','470ada397a1a7941eb7637d82328cc605a74e1f4',0.00,'2016-08-16 13:10:29','0'),(212,'0','1016177852@qq.com','slamdonk','b927ffd2a9f87fa46f1c1e4c9b218249b31d0720',0.00,'2016-08-17 00:20:21','0'),(213,'0','1182942028@QQ.com','lizan00','02c414f88a3fb6601e3c367d40733099a4bb841e',0.00,'2016-08-17 04:41:39','0'),(214,'0','gqzkch21497@chacuo.net','gqzkch','01ba1b3556e735ba9a4c94395b9b1a0b81419036',0.00,'2016-08-20 01:39:01','0'),(215,'0','cl19950920@163.com','下一站1968','f7c0f6182a351e365a9f7b9cd2c14858babd74da',0.00,'2016-08-29 13:17:05','0'),(216,'0','793583832@qq.com','新手司机','2c53d334a215fe52dd7b0606b9f0d74cfce05e28',0.00,'2016-08-30 02:43:28','0'),(217,'0','610505184@qq.com','zhourun008','a1dfcb61199258005db94247e879f0206406f209',0.00,'2016-09-06 01:15:34','0'),(218,'0','linlkk05@gmail.com','linlkk05','b0c21808572514f55700c4959cf5f34f8f1ec4ee',0.00,'2016-09-22 16:31:21','0'),(219,'0','358274609@qq.com','358274609','80ee363c945c1dc14d59e0411476cfe3b2062b71',0.00,'2016-09-23 06:00:00','0'),(220,'0','1546687607@qq.com','强人23','41b7e189e41bd2cb4a3995b383730bfb7bfb5399',0.00,'2017-01-09 03:18:04','0'),(221,'0','251139276@qq.com','corwry','dbcfaabb8fbeda7c58988972f1f3f5c7efd9eb62',0.00,'2017-06-19 02:59:10','0'),(222,'0','1134834228@qq.com','郑小帅','2a1def741c965e4c02d7a33e8444579f0fd218b6',0.00,'2017-06-19 06:02:35','0'),(223,'0','2643869298@qq.com','百变金刚','63a573e536a133d9ce53d63cdefaa3a6ff7a7ef9',0.00,'2017-06-30 04:40:32','0'),(224,'0','wang154797@qq.com','wangll363102','39a71b8e787beccbec05f4d1a876c481685ef573',0.00,'2017-08-25 12:01:08','0'),(225,'0','1262716478@qq.com','猜透咯饿例','d32061807e8229a4904380dc1020ff10d357ec16',0.00,'2017-11-15 03:42:59','0'),(226,'0','1459215454@qq.com','好好学习','b0c89dd520b76c7ebe635586e9940ae3e831b99d',0.00,'2017-12-03 02:34:04','0');
/*!40000 ALTER TABLE `user` ENABLE KEYS */;
UNLOCK TABLES;
/*!40103 SET TIME_ZONE=@OLD_TIME_ZONE */;

/*!40101 SET SQL_MODE=@OLD_SQL_MODE */;
/*!40014 SET FOREIGN_KEY_CHECKS=@OLD_FOREIGN_KEY_CHECKS */;
/*!40014 SET UNIQUE_CHECKS=@OLD_UNIQUE_CHECKS */;
/*!40101 SET CHARACTER_SET_CLIENT=@OLD_CHARACTER_SET_CLIENT */;
/*!40101 SET CHARACTER_SET_RESULTS=@OLD_CHARACTER_SET_RESULTS */;
/*!40101 SET COLLATION_CONNECTION=@OLD_COLLATION_CONNECTION */;
/*!40111 SET SQL_NOTES=@OLD_SQL_NOTES */;

-- Dump completed on 2018-07-16  1:51:01
